id,name,lat,lon,cuisine_type,halal_cert,price_range,has_prayer_room,address,phone,hours,notes,source,verified_date
HLR_BKK_001,Thai Pakistan Restaurant,13.7293932,100.5192825,,Unverified,,,Thai Pakistan Restaurant,,,,Google My Maps Export,
HLR_BKK_002,Al-Rahaman,13.7275114,100.5181712,,Unverified,,,Al-Rahaman,,,,Google My Maps Export,
HLR_BKK_003,New Al Makkah Restaurant,13.7283412,100.5176725,,Unverified,,,New Al Makkah Restaurant,,,,Google My Maps Export,
HLR_BKK_004,Khan,13.7272082,100.5178126,,Unverified,,,Khan,,,,Google My Maps Export,
HLR_BKK_005,"Grilled Town |Pakistani, Indian | Halal Restaurant in Bangkok | Muslim Restaurant | near Punjabi Restaurants",13.7266642,100.5213699,,Unverified,,,"Grilled Town |Pakistani, Indian | Halal Restaurant in Bangkok | Muslim Restaurant | near Punjabi Restaurants",,,,Google My Maps Export,
HLR_BKK_006,Mashallah Restaurant,13.7273465,100.5182827,,Unverified,,,Mashallah Restaurant,,,,Google My Maps Export,
HLR_BKK_007,Raita Indian Cuisine Pattanakan (ไรตะ ร้านอาหารอินเดียฮาลาล ต้นตำหรับ เจ้าเด็ดพัฒนาการ),13.7363641,100.6189128,,Unverified,,,Raita Indian Cuisine Pattanakan (ไรตะ ร้านอาหารอินเดียฮาลาล ต้นตำหรับ เจ้าเด็ดพัฒนาการ),,,,Google My Maps Export,
HLR_BKK_008,LITTLE SPICY RESTAURANT,13.7411763,100.5564365,,Unverified,,,LITTLE SPICY RESTAURANT,,,,Google My Maps Export,
HLR_BKK_009,Royal India (Food Court),13.7318014,100.5693685,,Unverified,,,Royal India (Food Court),,,,Google My Maps Export,
HLR_BKK_010,Azian | Halal Food | Tops Foodhall | Central Chidlom,13.744833,100.5444999,,Unverified,,,Azian | Halal Food | Tops Foodhall | Central Chidlom,,,,Google My Maps Export,
HLR_BKK_011,Tania Restaurant,13.7434691,100.5020298,,Unverified,,,Tania Restaurant,,,,Google My Maps Export,
HLR_BKK_012,Habib's Kebab Biryani Curry (Halal),13.7375781,100.5601126,,Unverified,,,Habib's Kebab Biryani Curry (Halal),,,,Google My Maps Export,
HLR_BKK_013,Radhuni Restaurant Muslim,13.7396523,100.5573319,,Unverified,,,Radhuni Restaurant Muslim,,,,Google My Maps Export,
HLR_BKK_014,Charoen Krung Thai Arabic Halal Food,13.7282661,100.5175947,,Unverified,,,Charoen Krung Thai Arabic Halal Food,,,,Google My Maps Export,
HLR_BKK_015,Al Saray,13.7288294,100.5346533,,Unverified,,,Al Saray,,,,Google My Maps Export,
HLR_BKK_016,Al Saray - Soonvijai,13.7483786,100.5839073,,Unverified,,,Al Saray - Soonvijai,,,,Google My Maps Export,
HLR_BKK_017,Samat Muslim Food,13.7541519,100.5421789,,Unverified,,,Samat Muslim Food,,,,Google My Maps Export,
HLR_BKK_018,Everything Halal,13.7525503,100.5412716,,Unverified,,,Everything Halal,,,,Google My Maps Export,
HLR_BKK_019,Ali's Indian & Thai - MBK Center G Floor Zone D,13.7436484,100.5299705,,Unverified,,,Ali's Indian & Thai - MBK Center G Floor Zone D,,,,Google My Maps Export,
HLR_BKK_020,Longest Grill by Ali สาขา MBK Center ชั้น G,13.744866,100.5297873,,Unverified,,,Longest Grill by Ali สาขา MBK Center ชั้น G,,,,Google My Maps Export,
HLR_BKK_021,Kebab Wrap,13.7450411,100.5296271,,Unverified,,,Kebab Wrap,,,,Google My Maps Export,
HLR_BKK_022,MEZBAAN RESTAURANT,13.7442403,100.5569851,,Unverified,,,MEZBAAN RESTAURANT,,,,Google My Maps Export,
HLR_BKK_023,Al Sana Restaurant and Hotel,13.7545251,100.5400772,,Unverified,,,Al Sana Restaurant and Hotel,,,,Google My Maps Export,
HLR_BKK_024,Star Restaurant Bangkok,13.7462238,100.5535648,,Unverified,,,Star Restaurant Bangkok,,,,Google My Maps Export,
HLR_BKK_025,Royal India,13.7463118,100.5536184,,Unverified,,,Royal India,,,,Google My Maps Export,
HLR_BKK_026,Halal Food Southern Products,13.7260721,100.5099209,,Unverified,,,Halal Food Southern Products,,,,Google My Maps Export,
HLR_BKK_027,Al-Hussain Restaurant (1996),13.7425747,100.5535258,,Unverified,,,Al-Hussain Restaurant (1996),,,,Google My Maps Export,
HLR_BKK_028,Hasan Biriyani Halal Indian Food,13.7479228,100.5843278,,Unverified,,,Hasan Biriyani Halal Indian Food,,,,Google My Maps Export,
HLR_BKK_029,M&M Asiatique The Riverfront Indian-Thai Halal Restaurant,13.7033618,100.5036229,,Unverified,,,M&M Asiatique The Riverfront Indian-Thai Halal Restaurant,,,,Google My Maps Export,
HLR_BKK_030,Al-Qasim Cuisine,13.7436706,100.5538351,,Unverified,,,Al-Qasim Cuisine,,,,Google My Maps Export,
HLR_BKK_031,Burj Al Arab Restaurant Bangkok,13.7432502,100.5532879,,Unverified,,,Burj Al Arab Restaurant Bangkok,,,,Google My Maps Export,
HLR_BKK_032,Sunshine (Srilankan and South indian Halal Food),13.7238785,100.5221175,,Unverified,,,Sunshine (Srilankan and South indian Halal Food),,,,Google My Maps Export,
HLR_BKK_033,LAHORE RESTAURANT Silom,13.7262705,100.5274964,,Unverified,,,LAHORE RESTAURANT Silom,,,,Google My Maps Export,
HLR_BKK_034,Lucky kitchen halal restaurant,13.7389836,100.5594495,,Unverified,,,Lucky kitchen halal restaurant,,,,Google My Maps Export,
HLR_BKK_035,Habibi Restaurant Halal Food,13.7256145,100.5229839,,Unverified,,,Habibi Restaurant Halal Food,,,,Google My Maps Export,
HLR_BKK_036,Tadka Eleven,13.7411373,100.5566319,,Unverified,,,Tadka Eleven,,,,Google My Maps Export,
HLR_BKK_037,Indian/Pakistani Halal Restaurant Chakaimuk by pti cafe,13.7620838,100.6453518,,Unverified,,,Indian/Pakistani Halal Restaurant Chakaimuk by pti cafe,,,,Google My Maps Export,
HLR_BKK_038,Jasmine Restaurant,13.747965,100.5843203,,Unverified,,,Jasmine Restaurant,,,,Google My Maps Export,
HLR_BKK_039,Adarsh Indian Restaurant branch 1 ramkhamhaeng,13.7628627,100.6399788,,Unverified,,,Adarsh Indian Restaurant branch 1 ramkhamhaeng,,,,Google My Maps Export,
HLR_BKK_040,Deshi Khabar,13.740929,100.5573131,,Unverified,,,Deshi Khabar,,,,Google My Maps Export,
HLR_BKK_041,Bangla House | বাংলাদেশী রেস্টুরেন্ট,13.7454243,100.5516773,,Unverified,,,Bangla House | বাংলাদেশী রেস্টুরেন্ট,,,,Google My Maps Export,
HLR_BKK_042,BANGLA KHABAR,13.7433648,100.5560972,,Unverified,,,BANGLA KHABAR,,,,Google My Maps Export,
HLR_BKK_043,Indian Darbar Indian Food @ Pratunam อาหารอินเดีย อินเดียน ดาร์บาร์ สาขาประตูน้ำ,13.7530129,100.5415622,,Unverified,,,Indian Darbar Indian Food @ Pratunam อาหารอินเดีย อินเดียน ดาร์บาร์ สาขาประตูน้ำ,,,,Google My Maps Export,
HLR_BKK_044,Sallim Restaurant,13.7277739,100.5154761,,Unverified,,,Sallim Restaurant,,,,Google My Maps Export,
HLR_BKK_045,Lasani,13.726274,100.5165392,,Unverified,,,Lasani,,,,Google My Maps Export,
HLR_BKK_046,Karachi Delight | การาจี ดีไลท์​ Flr.5,13.7224995,100.5201862,,Unverified,,,Karachi Delight | การาจี ดีไลท์​ Flr.5,,,,Google My Maps Export,
HLR_BKK_047,Karachi Delight Icon Siam,13.7266776,100.5100855,,Unverified,,,Karachi Delight Icon Siam,,,,Google My Maps Export,
HLR_BKK_048,Desi Khabbay Restaurant & Catering Services,13.6355423,100.5025337,,Unverified,,,Desi Khabbay Restaurant & Catering Services,,,,Google My Maps Export,
HLR_BKK_049,Ali’s Thai Halal Restaurant,13.7498468,100.5402976,,Unverified,,,Ali’s Thai Halal Restaurant,,,,Google My Maps Export,
HLR_BKK_050,JMQ Foods,13.7106141,100.5240941,,Unverified,,,JMQ Foods,,,,Google My Maps Export,
HLR_BKK_051,Yusuffood Thonglo 25,13.7429858,100.5810457,,Unverified,,,Yusuffood Thonglo 25,,,,Google My Maps Export,
HLR_BKK_052,Yusuffood Onnut 70/1,13.713961,100.6567878,,Unverified,,,Yusuffood Onnut 70/1,,,,Google My Maps Export,
HLR_BKK_053,Nuatair Restaurant Halal by Company B at Siam Centre,13.7462484,100.5331314,,Unverified,,,Nuatair Restaurant Halal by Company B at Siam Centre,,,,Google My Maps Export,
HLR_BKK_054,Nuatair Plus,13.747007,100.539956,,Unverified,,,Nuatair Plus,,,,Google My Maps Export,
HLR_BKK_055,Nuatair,13.7347079,100.5285401,,Unverified,,,Nuatair,,,,Google My Maps Export,
HLR_BKK_056,Haleemah Tailee - Halal,13.7393624,100.5928045,,Unverified,,,Haleemah Tailee - Halal,,,,Google My Maps Export,
HLR_BKK_057,Barakat Factory,13.7276267,100.6201444,,Unverified,,,Barakat Factory,,,,Google My Maps Export,
HLR_BKK_058,ตั้งใจเคี้ยว,13.7264565,100.6185519,,Unverified,,,ตั้งใจเคี้ยว,,,,Google My Maps Export,
HLR_BKK_059,Warisan Nasi Kukus Halal @Joddfair New Zone,13.7583574,100.5670535,,Unverified,,,Warisan Nasi Kukus Halal @Joddfair New Zone,,,,Google My Maps Export,
HLR_BKK_060,โรตีริเว่อร์ไซด์ Roti Riverside ฮาล๊าลฟู๊ด Halal Food,13.7429751,100.6043697,,Unverified,,,โรตีริเว่อร์ไซด์ Roti Riverside ฮาล๊าลฟู๊ด Halal Food,,,,Google My Maps Export,
HLR_BKK_061,Azizah halal food อาหารญี่ปุ่น สเต็ก สปาเก็ตตี้ ฮาลาล,13.736222,100.6091478,,Unverified,,,Azizah halal food อาหารญี่ปุ่น สเต็ก สปาเก็ตตี้ ฮาลาล,,,,Google My Maps Export,
HLR_BKK_062,Khuaindy,13.7297287,100.6241173,,Unverified,,,Khuaindy,,,,Google My Maps Export,
HLR_BKK_063,Yana Restaurant,13.744866,100.5297873,,Unverified,,,Yana Restaurant,,,,Google My Maps Export,
HLR_BKK_064,Moonlight Halal Café & Restaurant,13.7346245,100.6067614,,Unverified,,,Moonlight Halal Café & Restaurant,,,,Google My Maps Export,
HLR_BKK_065,โก๋ในซอย x All about halal breakfast,13.7478504,100.6085819,,Unverified,,,โก๋ในซอย x All about halal breakfast,,,,Google My Maps Export,
HLR_BKK_066,Usman Thai Muslim Food,13.7298544,100.5655637,,Unverified,,,Usman Thai Muslim Food,,,,Google My Maps Export,
HLR_BKK_067,IKROM HALAL FOOD,13.7399567,100.6464667,,Unverified,,,IKROM HALAL FOOD,,,,Google My Maps Export,
HLR_BKK_068,Coffee Bangkok (Halal),13.7481144,100.6276906,,Unverified,,,Coffee Bangkok (Halal),,,,Google My Maps Export,
HLR_BKK_069,Baan Yala Halal Food,13.7452443,100.5003514,,Unverified,,,Baan Yala Halal Food,,,,Google My Maps Export,
HLR_BKK_070,เนื้อแท้ Wok,13.7653855,100.643166,,Unverified,,,เนื้อแท้ Wok,,,,Google My Maps Export,
HLR_BKK_071,Sinthorn Steak House,13.7533164,100.6462313,,Unverified,,,Sinthorn Steak House,,,,Google My Maps Export,
HLR_BKK_072,Nuatair Seacon Square,13.6927851,100.6482313,,Unverified,,,Nuatair Seacon Square,,,,Google My Maps Export,
HLR_BKK_073,Deano Cafe,13.7453522,100.6044899,,Unverified,,,Deano Cafe,,,,Google My Maps Export,
HLR_BKK_074,I. C. Coffee & Cuisine,13.7437163,100.6042696,,Unverified,,,I. C. Coffee & Cuisine,,,,Google My Maps Export,
HLR_BKK_075,Nadia Halal Food,13.715599,100.520761,,Unverified,,,Nadia Halal Food,,,,Google My Maps Export,
HLR_BKK_076,Darul Amin Food Court,13.7058442,100.6450291,,Unverified,,,Darul Amin Food Court,,,,Google My Maps Export,
HLR_BKK_077,Jabir Halal Food,13.7510446,100.5250309,,Unverified,,,Jabir Halal Food,,,,Google My Maps Export,
HLR_BKK_078,The Villa Halal,13.6886824,100.7536616,,Unverified,,,The Villa Halal,,,,Google My Maps Export,
HLR_BKK_079,M5 cafe and restaurant,13.746559,100.6020142,,Unverified,,,M5 cafe and restaurant,,,,Google My Maps Export,
HLR_BKK_080,Diwan Restaurant (Halal),13.7460648,100.6038648,,Unverified,,,Diwan Restaurant (Halal),,,,Google My Maps Export,
HLR_BKK_081,Halal Food Center ASIATIQUE,13.7051758,100.5029401,,Unverified,,,Halal Food Center ASIATIQUE,,,,Google My Maps Export,
HLR_BKK_082,Panadda Kitchen Halal Food,13.7027611,100.5033655,,Unverified,,,Panadda Kitchen Halal Food,,,,Google My Maps Export,
HLR_BKK_083,Silom Halal Food,13.7257939,100.5229958,,Unverified,,,Silom Halal Food,,,,Google My Maps Export,
HLR_BKK_084,Halal food,13.7017674,100.5023541,,Unverified,,,Halal food,,,,Google My Maps Export,
HLR_BKK_085,TaRook Steak & Burgers,13.7110454,100.5134258,,Unverified,,,TaRook Steak & Burgers,,,,Google My Maps Export,
HLR_BKK_086,Shabeebee House,13.7696752,100.5903728,,Unverified,,,Shabeebee House,,,,Google My Maps Export,
HLR_BKK_087,Shabeebee House,13.7434906,100.5249124,,Unverified,,,Shabeebee House,,,,Google My Maps Export,
HLR_BKK_088,Makan Makin Halal Food,13.7552912,100.5300371,,Unverified,,,Makan Makin Halal Food,,,,Google My Maps Export,
HLR_BKK_089,Muna Muslim Kitchen,13.7550145,100.5300213,,Unverified,,,Muna Muslim Kitchen,,,,Google My Maps Export,
HLR_BKK_090,Halal street,13.7541852,100.529894,,Unverified,,,Halal street,,,,Google My Maps Export,
HLR_BKK_091,Nissareen,13.7540753,100.5303186,,Unverified,,,Nissareen,,,,Google My Maps Export,
HLR_BKK_092,นิยะห์ โภชนา,13.7540512,100.530041,,Unverified,,,นิยะห์ โภชนา,,,,Google My Maps Export,
HLR_BKK_093,Rotinis Halal Breakfast,13.7544019,100.5301196,,Unverified,,,Rotinis Halal Breakfast,,,,Google My Maps Export,
HLR_BKK_094,Ibrahim Muslim Food,13.7545064,100.5300847,,Unverified,,,Ibrahim Muslim Food,,,,Google My Maps Export,
HLR_BKK_095,ครัวแบลี ซอย7Ali selatan Muslim food,13.7540252,100.5300432,,Unverified,,,ครัวแบลี ซอย7Ali selatan Muslim food,,,,Google My Maps Export,
HLR_BKK_096,ไก่ย่างมารีนะห์ Marinah Halal Chicken,13.7556226,100.5300746,,Unverified,,,ไก่ย่างมารีนะห์ Marinah Halal Chicken,,,,Google My Maps Export,
HLR_BKK_097,Asma Kitchen Som Tum Yum Sap Soi Phetchaburi 7(halal food),13.7559018,100.5303183,,Unverified,,,Asma Kitchen Som Tum Yum Sap Soi Phetchaburi 7(halal food),,,,Google My Maps Export,
HLR_BKK_098,Farida Fatornee,13.7537226,100.5309624,,Unverified,,,Farida Fatornee,,,,Google My Maps Export,
HLR_BKK_099,Madena,13.753788,100.5307717,,Unverified,,,Madena,,,,Google My Maps Export,
HLR_BKK_100,​Chaolay Seafood​​ MBK​ center (Halal),13.7447916,100.5302186,,Unverified,,,​Chaolay Seafood​​ MBK​ center (Halal),,,,Google My Maps Export,
HLR_BKK_101,ร้านยำลูกชิ้นอันดามัน (Yumandaman) @Iconsiam Street Food,13.7267447,100.5105371,,Unverified,,,ร้านยำลูกชิ้นอันดามัน (Yumandaman) @Iconsiam Street Food,,,,Google My Maps Export,
HLR_BKK_102,Jeerapaan,13.7460937,100.5352986,,Unverified,,,Jeerapaan,,,,Google My Maps Export,
HLR_BKK_103,เนื้อแท้ Nuatair Restaurant,13.7356622,100.5617238,,Unverified,,,เนื้อแท้ Nuatair Restaurant,,,,Google My Maps Export,
HLR_BKK_104,Mah Halal Food,13.7328409,100.537681,,Unverified,,,Mah Halal Food,,,,Google My Maps Export,
HLR_BKK_105,Ahmad Rosdee & Krua Thai,13.7443245,100.611049,,Unverified,,,Ahmad Rosdee & Krua Thai,,,,Google My Maps Export,
HLR_BKK_106,Songpeenong Halal Food,13.7464246,100.6001641,,Unverified,,,Songpeenong Halal Food,,,,Google My Maps Export,
HLR_BKK_107,Sophia Restaurant (Halal),13.7460905,100.6031935,,Unverified,,,Sophia Restaurant (Halal),,,,Google My Maps Export,
HLR_BKK_108,Local Muslim Food Stall ร้านอาหารมุสลิม,13.7465351,100.5512943,,Unverified,,,Local Muslim Food Stall ร้านอาหารมุสลิม,,,,Google My Maps Export,
HLR_BKK_109,Makanan Muslim Halal,13.7532474,100.5389422,,Unverified,,,Makanan Muslim Halal,,,,Google My Maps Export,
HLR_BKK_110,Rahim,13.7158919,100.5881825,,Unverified,,,Rahim,,,,Google My Maps Export,
HLR_BKK_111,Halal food (อาหารฮาลาล),13.7212188,100.5294081,,Unverified,,,Halal food (อาหารฮาลาล),,,,Google My Maps Export,
HLR_BKK_112,Chong Ko (Halal),13.7234747,100.5219863,,Unverified,,,Chong Ko (Halal),,,,Google My Maps Export,
HLR_BKK_113,Aisyah & Amina,13.7155648,100.5217843,,Unverified,,,Aisyah & Amina,,,,Google My Maps Export,
HLR_BKK_114,Krua Khun Yay,13.7159926,100.5207334,,Unverified,,,Krua Khun Yay,,,,Google My Maps Export,
HLR_BKK_115,ซาเราะห์,13.7255477,100.5150529,,Unverified,,,ซาเราะห์,,,,Google My Maps Export,
HLR_BKK_116,Street Food near Haroon Mosque,13.7251348,100.5149509,,Unverified,,,Street Food near Haroon Mosque,,,,Google My Maps Export,
HLR_BKK_117,Mariam,13.7439732,100.5007794,,Unverified,,,Mariam,,,,Google My Maps Export,
HLR_BKK_118,Halal Market (Street Food),13.7027227,100.5032569,,Unverified,,,Halal Market (Street Food),,,,Google My Maps Export,
HLR_BKK_119,ศูนย์อาหารมุสลิม เอเชียทีค (Halal Food Center Asiatique),13.702737,100.5034581,,Unverified,,,ศูนย์อาหารมุสลิม เอเชียทีค (Halal Food Center Asiatique),,,,Google My Maps Export,
HLR_BKK_120,(Halal) Foodcourt @ Asiatique The Riverfront,13.704929,100.502944,,Unverified,,,(Halal) Foodcourt @ Asiatique The Riverfront,,,,Google My Maps Export,
HLR_BKK_121,ศูนย์รวมอาหารฮาลาล59มินิพลาซ่า Mini Plaza รามคำแหง59,13.760296,100.622631,,Unverified,,,ศูนย์รวมอาหารฮาลาล59มินิพลาซ่า Mini Plaza รามคำแหง59,,,,Google My Maps Export,
HLR_BKK_122,ร้านไก่ทอดใบคานอิสลามหาดใหญ่,13.7603607,100.6234252,,Unverified,,,ร้านไก่ทอดใบคานอิสลามหาดใหญ่,,,,Google My Maps Export,
HLR_BKK_123,โกบู๊ รสซิ่ง (ฮาลาส),13.7605016,100.6224758,,Unverified,,,โกบู๊ รสซิ่ง (ฮาลาส),,,,Google My Maps Export,
HLR_BKK_124,Kawasan Makan Halal Bangkok,13.7604474,100.6228492,,Unverified,,,Kawasan Makan Halal Bangkok,,,,Google My Maps Export,
HLR_BKK_125,นิดา ฮาลาล,13.7415626,100.6011575,,Unverified,,,นิดา ฮาลาล,,,,Google My Maps Export,
HLR_BKK_126,AREA53,13.7618055,100.6178436,,Unverified,,,AREA53,,,,Google My Maps Export,
HLR_BKK_127,ไก่ทอดหาดใหญ่(บังหนวด),13.7605791,100.622877,,Unverified,,,ไก่ทอดหาดใหญ่(บังหนวด),,,,Google My Maps Export,
HLR_BKK_128,Makin makan halal by Amad ราม61,13.7606333,100.6227616,,Unverified,,,Makin makan halal by Amad ราม61,,,,Google My Maps Export,
HLR_BKK_129,ยำแซ่บปากแตก ฮาลาล,13.7603288,100.6227172,,Unverified,,,ยำแซ่บปากแตก ฮาลาล,,,,Google My Maps Export,
HLR_BKK_130,ร้านครัวโอเคเบตง สาขา2,13.760249,100.6204732,,Unverified,,,ร้านครัวโอเคเบตง สาขา2,,,,Google My Maps Export,
HLR_BKK_131,ร้านก๋วยเตี๋ยวเรือ ยูวารี (ฮาลาล),13.7603815,100.6203002,,Unverified,,,ร้านก๋วยเตี๋ยวเรือ ยูวารี (ฮาลาล),,,,Google My Maps Export,
HLR_BKK_132,อาหารตามสั่งกำมาเรีย,13.7611477,100.6196303,,Unverified,,,อาหารตามสั่งกำมาเรีย,,,,Google My Maps Export,
HLR_BKK_133,ร้านอาหารมุสลิม,13.7615679,100.6193031,,Unverified,,,ร้านอาหารมุสลิม,,,,Google My Maps Export,
HLR_BKK_134,ร้านทาโกะยากิ รามฯ53,13.7626236,100.6195579,,Unverified,,,ร้านทาโกะยากิ รามฯ53,,,,Google My Maps Export,
HLR_BKK_135,บังอี ฮาลาลฟู๊ด,13.7624695,100.6195597,,Unverified,,,บังอี ฮาลาลฟู๊ด,,,,Google My Maps Export,
HLR_BKK_136,ข้าวมันไก่ 53 ฮาลาล,13.7628296,100.6194866,,Unverified,,,ข้าวมันไก่ 53 ฮาลาล,,,,Google My Maps Export,
HLR_BKK_137,ร้านโรตีมะตะบะ ปูยุด (บังมะ),13.7643391,100.6192815,,Unverified,,,ร้านโรตีมะตะบะ ปูยุด (บังมะ),,,,Google My Maps Export,
HLR_BKK_138,โก๋ป่ะล่ะ น้ำเต้าหู้ปาท่องโก๋ฮาลาลฟู้ด,13.7643667,100.6192223,,Unverified,,,โก๋ป่ะล่ะ น้ำเต้าหู้ปาท่องโก๋ฮาลาลฟู้ด,,,,Google My Maps Export,
HLR_BKK_139,มาดะ,13.7605913,100.6198961,,Unverified,,,มาดะ,,,,Google My Maps Export,
HLR_BKK_140,ผัดไทหอยโซเฟียร์ฮาล้าล,13.7610448,100.6196129,,Unverified,,,ผัดไทหอยโซเฟียร์ฮาล้าล,,,,Google My Maps Export,
HLR_BKK_141,ข้าวแกงปัตตานี,13.7610889,100.6196303,,Unverified,,,ข้าวแกงปัตตานี,,,,Google My Maps Export,
HLR_BKK_142,FeeDa Halal,13.7630272,100.6194732,,Unverified,,,FeeDa Halal,,,,Google My Maps Export,
HLR_BKK_143,Halal Food Soi Sanprasert,13.7692011,100.6196571,,Unverified,,,Halal Food Soi Sanprasert,,,,Google My Maps Export,
HLR_BKK_144,เนื้อต้มบ้านม้า,13.7616956,100.6355961,,Unverified,,,เนื้อต้มบ้านม้า,,,,Google My Maps Export,
HLR_BKK_145,บังหม่าล่าฮาลาล,13.7711342,100.6339915,,Unverified,,,บังหม่าล่าฮาลาล,,,,Google My Maps Export,
HLR_BKK_146,Muslim Food,13.8004224,100.5517264,,Unverified,,,Muslim Food,,,,Google My Maps Export,
HLR_BKK_147,Saman Islam,13.7998412,100.5509499,,Unverified,,,Saman Islam,,,,Google My Maps Export,
HLR_BKK_148,Kah Jak Halal Foods,13.7993317,100.5506925,,Unverified,,,Kah Jak Halal Foods,,,,Google My Maps Export,
HLR_BKK_149,Zainun Halal Food,13.8022585,100.5513167,,Unverified,,,Zainun Halal Food,,,,Google My Maps Export,
HLR_BKK_150,ร้านมดีนะฮ์ ฮาลาลฟู้ด จตุจักร,13.7990106,100.5507777,,Unverified,,,ร้านมดีนะฮ์ ฮาลาลฟู้ด จตุจักร,,,,Google My Maps Export,
HLR_BKK_151,Sara (Halal) Restaurant,13.7991428,100.5507049,,Unverified,,,Sara (Halal) Restaurant,,,,Google My Maps Export,
HLR_BKK_152,Madenah Halal Noodle Food,13.7992108,100.5505269,,Unverified,,,Madenah Halal Noodle Food,,,,Google My Maps Export,
HLR_BKK_153,SULTANA HALAL @JJ,13.799921,100.5489748,,Unverified,,,SULTANA HALAL @JJ,,,,Google My Maps Export,
HLR_BKK_154,Halal food by Muslim,13.8028265,100.5392181,,Unverified,,,Halal food by Muslim,,,,Google My Maps Export,
HLR_BKK_155,Bancheroun Rotee Halal,13.8018363,100.5508719,,Unverified,,,Bancheroun Rotee Halal,,,,Google My Maps Export,
HLR_BKK_156,Halal Street Foods Shop @ Platinum,13.7502149,100.5395544,,Unverified,,,Halal Street Foods Shop @ Platinum,,,,Google My Maps Export,
HLR_BKK_157,เนื้อแท้ สาขาบางอ้อ (Nua T) Meeting Mall,13.8026185,100.5119569,,Unverified,,,เนื้อแท้ สาขาบางอ้อ (Nua T) Meeting Mall,,,,Google My Maps Export,
HLR_BKK_158,ก๋วยเตี๋ยวดงมูลเหล็ก สาขาบางอ้อ,13.802208,100.5126943,,Unverified,,,ก๋วยเตี๋ยวดงมูลเหล็ก สาขาบางอ้อ,,,,Google My Maps Export,
HLR_BKK_159,Chef Yis,13.7640513,100.7018798,,Unverified,,,Chef Yis,,,,Google My Maps Export,
HLR_BKK_160,Kobang Seafood Halal Buffet,13.7768189,100.6770611,,Unverified,,,Kobang Seafood Halal Buffet,,,,Google My Maps Export,
HLR_BKK_161,โต๊ะนา ก๋วยเตี๋ยวเนื้อตุ๋น,13.764179,100.6938269,,Unverified,,,โต๊ะนา ก๋วยเตี๋ยวเนื้อตุ๋น,,,,Google My Maps Export,
HLR_BKK_162,คาปู&โยดาอิตาเลี่ยนฮาลาล,13.7637926,100.6940114,,Unverified,,,คาปู&โยดาอิตาเลี่ยนฮาลาล,,,,Google My Maps Export,
HLR_BKK_163,ร้าน ลอง ดู ดิ (ฮาลาล),13.7667605,100.6997918,,Unverified,,,ร้าน ลอง ดู ดิ (ฮาลาล),,,,Google My Maps Export,
HLR_BKK_164,Khaohung Halal,13.7673661,100.7021462,,Unverified,,,Khaohung Halal,,,,Google My Maps Export,
HLR_BKK_165,โจ๊กกะเตี๋ยวฮาลาล,13.7684915,100.7025518,,Unverified,,,โจ๊กกะเตี๋ยวฮาลาล,,,,Google My Maps Export,
HLR_BKK_166,บ้านใต้ฮาลาล,13.780307,100.706773,,Unverified,,,บ้านใต้ฮาลาล,,,,Google My Maps Export,
HLR_BKK_167,NakNom Cafe',13.778614,100.7095162,,Unverified,,,NakNom Cafe',,,,Google My Maps Export,
HLR_BKK_168,มุมกิน ฮาลาลฟู้ด,13.7637387,100.7042476,,Unverified,,,มุมกิน ฮาลาลฟู้ด,,,,Google My Maps Export,
HLR_BKK_169,ร้านยูซบเนื้อทอดแดดเดียว (รามคำแหง61),13.7603263,100.6229358,,Unverified,,,ร้านยูซบเนื้อทอดแดดเดียว (รามคำแหง61),,,,Google My Maps Export,
HLR_BKK_170,Mattaam Babo Halal Food,13.760277,100.6232321,,Unverified,,,Mattaam Babo Halal Food,,,,Google My Maps Export,
HLR_BKK_171,Mandarin Suki & Dim Sum Buffet Halal Bangkaew,13.6453129,100.6734244,,Unverified,,,Mandarin Suki & Dim Sum Buffet Halal Bangkaew,,,,Google My Maps Export,
HLR_BKK_172,At home delicious halal cuisine,13.8298856,100.7767512,,Unverified,,,At home delicious halal cuisine,,,,Google My Maps Export,
HLR_BKK_173,จิระพันธ์ เป็ดย่าง เป็ดพะโล้,13.8319469,100.7726426,,Unverified,,,จิระพันธ์ เป็ดย่าง เป็ดพะโล้,,,,Google My Maps Export,
HLR_BKK_174,เตี๋ยวเนื้อ นายเอ็น,13.8372661,100.7803432,,Unverified,,,เตี๋ยวเนื้อ นายเอ็น,,,,Google My Maps Export,
HLR_BKK_175,JR STATION HALAL FOOD,13.8415284,100.7882561,,Unverified,,,JR STATION HALAL FOOD,,,,Google My Maps Export,
HLR_BKK_176,The Fatema Halal Food,13.8408893,100.7775253,,Unverified,,,The Fatema Halal Food,,,,Google My Maps Export,
HLR_BKK_177,ระเบียงบ้านบัง,13.8246398,100.77966,,Unverified,,,ระเบียงบ้านบัง,,,,Google My Maps Export,
HLR_BKK_178,ริสกี ฮาลาล อาหารตามสั่ง,13.842434,100.794123,,Unverified,,,ริสกี ฮาลาล อาหารตามสั่ง,,,,Google My Maps Export,
HLR_BKK_179,Aminah Halal Stall,13.7581362,100.5004567,,Unverified,,,Aminah Halal Stall,,,,Google My Maps Export,
HLR_BKK_180,Mj.FAMILYอาหารตามสั่งเครืองดื่ม ฮาลาล Halal Food & Drink,13.7578587,100.4992799,,Unverified,,,Mj.FAMILYอาหารตามสั่งเครืองดื่ม ฮาลาล Halal Food & Drink,,,,Google My Maps Export,
HLR_BKK_181,Ayeesah roddee,13.7603431,100.4983399,,Unverified,,,Ayeesah roddee,,,,Google My Maps Export,
HLR_BKK_182,Ali Halal Restaurant,13.7584459,100.489978,,Unverified,,,Ali Halal Restaurant,,,,Google My Maps Export,
HLR_BKK_183,มุมกิน ฮาลาล มหาวิทยาลัยธรรมศาสตร์ ท่าพระจันทร์,13.7589572,100.4901957,,Unverified,,,มุมกิน ฮาลาล มหาวิทยาลัยธรรมศาสตร์ ท่าพระจันทร์,,,,Google My Maps Export,
HLR_BKK_184,Sara Restaurant ห้องอาหารซาร่า,13.7625064,100.4991836,,Unverified,,,Sara Restaurant ห้องอาหารซาร่า,,,,Google My Maps Export,
HLR_BKK_185,Karim Roti Mataba,13.7636071,100.4956287,,Unverified,,,Karim Roti Mataba,,,,Google My Maps Export,
HLR_BKK_186,S.M. Lokhande,13.7615187,100.4972273,,Unverified,,,S.M. Lokhande,,,,Google My Maps Export,
HLR_BKK_187,Roti - Canai Ayam Halal,13.7627367,100.4971549,,Unverified,,,Roti - Canai Ayam Halal,,,,Google My Maps Export,
HLR_BKK_188,ครัวมูนา Halal Home,13.6994475,100.6358055,,Unverified,,,ครัวมูนา Halal Home,,,,Google My Maps Export,
HLR_BKK_189,Halal Baan Fah - บ้านฟ้า,13.6966872,100.6379892,,Unverified,,,Halal Baan Fah - บ้านฟ้า,,,,Google My Maps Export,
HLR_BKK_190,Burger Bung(Halal),13.6932289,100.6392698,,Unverified,,,Burger Bung(Halal),,,,Google My Maps Export,
HLR_BKK_191,อาไบมาโคขุน at ศรีนครินทร์ 40,13.6935161,100.6416213,,Unverified,,,อาไบมาโคขุน at ศรีนครินทร์ 40,,,,Google My Maps Export,
HLR_BKK_192,ร้านอาหารอิสลาม ไก่ทอด Halal Food,13.6911732,100.6398561,,Unverified,,,ร้านอาหารอิสลาม ไก่ทอด Halal Food,,,,Google My Maps Export,
HLR_BKK_193,Kebabs & Biryani Corner,13.6927883,100.6507439,,Unverified,,,Kebabs & Biryani Corner,,,,Google My Maps Export,
HLR_BKK_194,Aishah Shop,13.6986904,100.4988881,,Unverified,,,Aishah Shop,,,,Google My Maps Export,
HLR_BKK_195,Halal Side Dish,13.711603,100.515521,,Unverified,,,Halal Side Dish,,,,Google My Maps Export,
HLR_BKK_196,Halal Stall,13.7014664,100.5018229,,Unverified,,,Halal Stall,,,,Google My Maps Export,
HLR_BKK_197,"Yellow Rice, Convent Road, Silom, BKK ข้าวเหลือง ถนนคอนแวนต์",13.7251216,100.5343791,,Unverified,,,"Yellow Rice, Convent Road, Silom, BKK ข้าวเหลือง ถนนคอนแวนต์",,,,Google My Maps Export,
HLR_BKK_198,"โรตี ชาชัก Chill for You Roti&Tea Cafe’, Halal food, ติดถนนรามคำแหง ซอยรามคำแหง24/4",13.7606391,100.6286235,,Unverified,,,"โรตี ชาชัก Chill for You Roti&Tea Cafe’, Halal food, ติดถนนรามคำแหง ซอยรามคำแหง24/4",,,,Google My Maps Export,
HLR_BKK_199,ร้านข้าวต้มกุ้ย บังเก๊ก halal,13.7847086,100.674053,,Unverified,,,ร้านข้าวต้มกุ้ย บังเก๊ก halal,,,,Google My Maps Export,
HLR_BKK_200,Hana Buffet Halal,13.7845227,100.6741556,,Unverified,,,Hana Buffet Halal,,,,Google My Maps Export,
HLR_BKK_201,ครัวคุงนู๋ ไข่ม้วน Halal,13.7528758,100.6776843,,Unverified,,,ครัวคุงนู๋ ไข่ม้วน Halal,,,,Google My Maps Export,
HLR_BKK_202,เพชรมุสลิม ปลาเผาเกลือระเบิดอีสานฮาลาล,13.7497474,100.6715273,,Unverified,,,เพชรมุสลิม ปลาเผาเกลือระเบิดอีสานฮาลาล,,,,Google My Maps Export,
HLR_BKK_203,Dongmullek Beef Noodles (Halal),13.7476609,100.6583858,,Unverified,,,Dongmullek Beef Noodles (Halal),,,,Google My Maps Export,
HLR_BKK_204,ครัวมุสลิม ลำสาลี,13.7486909,100.6510364,,Unverified,,,ครัวมุสลิม ลำสาลี,,,,Google My Maps Export,
HLR_BKK_205,L'Amour Halal Food,13.7517773,100.6523777,,Unverified,,,L'Amour Halal Food,,,,Google My Maps Export,
HLR_BKK_206,ร้านชารีฟ อาหารอิสลาม,13.8815594,100.5655159,,Unverified,,,ร้านชารีฟ อาหารอิสลาม,,,,Google My Maps Export,
HLR_BKK_207,Fil Fil,13.744354,100.5511436,,Unverified,,,Fil Fil,,,,Google My Maps Export,
HLR_BKK_208,ฺBangkok Halal Kitchens,13.742399,100.5860501,,Unverified,,,ฺBangkok Halal Kitchens,,,,Google My Maps Export,
HLR_BKK_209,อาหารอิสลาม Halal,13.724462,100.5496653,,Unverified,,,อาหารอิสลาม Halal,,,,Google My Maps Export,
HLR_BKK_210,ร้านอาหารอิสลาม,13.7117607,100.5240511,,Unverified,,,ร้านอาหารอิสลาม,,,,Google My Maps Export,
HLR_BKK_211,อาหารอิสลาม Halal,13.7495022,100.5277338,,Unverified,,,อาหารอิสลาม Halal,,,,Google My Maps Export,
HLR_BKK_212,ร้านอาหารอิสลามมาเรียม,13.76872,100.5669609,,Unverified,,,ร้านอาหารอิสลามมาเรียม,,,,Google My Maps Export,
HLR_BKK_213,ร้านข้าวหมกไก่ทอด คมเดช หาดใหญ่ (อิสลาม),13.7413808,100.5626464,,Unverified,,,ร้านข้าวหมกไก่ทอด คมเดช หาดใหญ่ (อิสลาม),,,,Google My Maps Export,
HLR_BKK_214,ก๋วยเตี๋ยวเนื้อตุ๋น อ.อิสลาม,13.7444059,100.5624744,,Unverified,,,ก๋วยเตี๋ยวเนื้อตุ๋น อ.อิสลาม,,,,Google My Maps Export,
HLR_BKK_215,Ikrom Halal Foods,13.7353698,100.6249347,,Unverified,,,Ikrom Halal Foods,,,,Google My Maps Export,
HLR_BKK_216,ร้านครัวร่มไม้ (LEEWAN HALAL),13.7354331,100.6260497,,Unverified,,,ร้านครัวร่มไม้ (LEEWAN HALAL),,,,Google My Maps Export,
HLR_BKK_217,เบดูอิน สเต็ก&เคบับ Beadouin Stek&kebab,13.7359675,100.6260225,,Unverified,,,เบดูอิน สเต็ก&เคบับ Beadouin Stek&kebab,,,,Google My Maps Export,
HLR_BKK_218,ฮาลาลฟูด ข้าวแกงเมืองใต้ ชาชัก,13.7547883,100.6301803,,Unverified,,,ฮาลาลฟูด ข้าวแกงเมืองใต้ ชาชัก,,,,Google My Maps Export,
HLR_BKK_219,ฮาลาล food Byบังการีม,13.7618446,100.6425148,,Unverified,,,ฮาลาล food Byบังการีม,,,,Google My Maps Export,
HLR_BKK_220,ป.6/3​ ฮาลาล จิ้มจุ่ม,13.7520296,100.6477325,,Unverified,,,ป.6/3​ ฮาลาล จิ้มจุ่ม,,,,Google My Maps Export,
HLR_BKK_221,Yam Saap Nau Halal Food,13.7410201,100.6140634,,Unverified,,,Yam Saap Nau Halal Food,,,,Google My Maps Export,
HLR_BKK_222,Hatyai Fried Chicken (Bung Nod) Halal,13.7605791,100.622877,,Unverified,,,Hatyai Fried Chicken (Bung Nod) Halal,,,,Google My Maps Export,
HLR_BKK_223,ดี​วาฮาบ​ D'WAHAB​ (Halal),13.7619028,100.6240445,,Unverified,,,ดี​วาฮาบ​ D'WAHAB​ (Halal),,,,Google My Maps Export,
HLR_BKK_224,Phrigkiao Bangkok,13.7444446,100.5351353,,Unverified,,,Phrigkiao Bangkok,,,,Google My Maps Export,
HLR_BKK_225,Farida curry rice-beef noodles (Ayutthaya) Halal,13.7565461,100.6127155,,Unverified,,,Farida curry rice-beef noodles (Ayutthaya) Halal,,,,Google My Maps Export,
HLR_BKK_226,Ahmad Halal Food,13.6896618,100.6399825,,Unverified,,,Ahmad Halal Food,,,,Google My Maps Export,
HLR_BKK_227,เนื้อแท้ (wok) Food court,13.6922326,100.6481441,,Unverified,,,เนื้อแท้ (wok) Food court,,,,Google My Maps Export,
HLR_BKK_228,ดาณู ขนมจีนน้ำยาปูฮาลาล,13.6920837,100.6485327,,Unverified,,,ดาณู ขนมจีนน้ำยาปูฮาลาล,,,,Google My Maps Export,
HLR_BKK_229,Roti Fatima Paradise Park,13.6865036,100.64714,,Unverified,,,Roti Fatima Paradise Park,,,,Google My Maps Export,
HLR_BKK_230,อัลฮูดา อาหารอิสลาม อาหารไทย,13.6863896,100.6472607,,Unverified,,,อัลฮูดา อาหารอิสลาม อาหารไทย,,,,Google My Maps Export,
HLR_BKK_231,Rotee Fatima,13.7416043,100.6228291,,Unverified,,,Rotee Fatima,,,,Google My Maps Export,
HLR_BKK_232,อาหารอิสลาม Halal,13.6440605,100.6736191,,Unverified,,,อาหารอิสลาม Halal,,,,Google My Maps Export,
HLR_BKK_233,Halal Food,13.707968,100.6684317,,Unverified,,,Halal Food,,,,Google My Maps Export,
HLR_BKK_234,หม่าล่า DAEK DUEM HALAL,13.6929143,100.6515887,,Unverified,,,หม่าล่า DAEK DUEM HALAL,,,,Google My Maps Export,
HLR_BKK_235,ครัวนิยมฮาลาลฟู้ด,13.7692515,100.5925952,,Unverified,,,ครัวนิยมฮาลาลฟู้ด,,,,Google My Maps Export,
HLR_BKK_236,Cafe&Somtum,13.7719575,100.5716974,,Unverified,,,Cafe&Somtum,,,,Google My Maps Export,
HLR_BKK_237,Aladdin,13.77846,100.569322,,Unverified,,,Aladdin,,,,Google My Maps Export,
HLR_BKK_238,เป็ดย่างฮาลาล,13.7694306,100.5690297,,Unverified,,,เป็ดย่างฮาลาล,,,,Google My Maps Export,
HLR_BKK_239,บังรีซูวัง ไก่ทอดหาดใหญ่(ฮาลาล),13.775353,100.568163,,Unverified,,,บังรีซูวัง ไก่ทอดหาดใหญ่(ฮาลาล),,,,Google My Maps Export,
HLR_BKK_240,ป้าแขกอาหารตามสั่งอิสลาม,13.7705144,100.5963457,,Unverified,,,ป้าแขกอาหารตามสั่งอิสลาม,,,,Google My Maps Export,
HLR_BKK_241,ร้านบังดีนไก่ทอดหาดใหญ่(ฮาลาล) เพชรเกษม48,13.7154628,100.4440622,,Unverified,,,ร้านบังดีนไก่ทอดหาดใหญ่(ฮาลาล) เพชรเกษม48,,,,Google My Maps Export,
HLR_BKK_242,การิม โรตี มะตะบะ @ Street Gourmet ชั้น 4 ซีคอน บางแค,13.712261,100.4336375,,Unverified,,,การิม โรตี มะตะบะ @ Street Gourmet ชั้น 4 ซีคอน บางแค,,,,Google My Maps Export,
HLR_BKK_243,ร้านข้าวราดแกงยามิน(อาหารอิสลาม ฮาลาล),13.7114184,100.4216807,,Unverified,,,ร้านข้าวราดแกงยามิน(อาหารอิสลาม ฮาลาล),,,,Google My Maps Export,
HLR_BKK_244,Tha Pra Kitchen,13.7236138,100.4628695,,Unverified,,,Tha Pra Kitchen,,,,Google My Maps Export,
HLR_BKK_245,ข้าวหมกไก่คุณนายเรณู - เพชรเกษม28,13.7228998,100.4616665,,Unverified,,,ข้าวหมกไก่คุณนายเรณู - เพชรเกษม28,,,,Google My Maps Export,
HLR_BKK_246,Habsa Islam - Thai Biryani,13.7586106,100.4293912,,Unverified,,,Habsa Islam - Thai Biryani,,,,Google My Maps Export,
HLR_BKK_247,DUA HALAL RESTAURANT,13.7543831,100.4343548,,Unverified,,,DUA HALAL RESTAURANT,,,,Google My Maps Export,
HLR_BKK_248,ร้านอาหารอิสลามสาย1,13.7485357,100.4262996,,Unverified,,,ร้านอาหารอิสลามสาย1,,,,Google My Maps Export,
HLR_BKK_249,Amina Muslim Restaurant,13.7446142,100.3556405,,Unverified,,,Amina Muslim Restaurant,,,,Google My Maps Export,
HLR_BKK_250,เนื้อทอดคอดียะฮ์,13.7423948,100.3565221,,Unverified,,,เนื้อทอดคอดียะฮ์,,,,Google My Maps Export,
HLR_BKK_251,ฮาลาลไกด์ by ไซลา,13.6841997,100.3680487,,Unverified,,,ฮาลาลไกด์ by ไซลา,,,,Google My Maps Export,
HLR_BKK_252,K Muhammad Halal Food,13.7663388,100.6431155,,Unverified,,,K Muhammad Halal Food,,,,Google My Maps Export,
HLR_BKK_253,Li Yang Halal,13.7662743,100.6431128,,Unverified,,,Li Yang Halal,,,,Google My Maps Export,
HLR_BKK_254,ไลลาโภชนา,13.7624888,100.6463585,,Unverified,,,ไลลาโภชนา,,,,Google My Maps Export,
HLR_BKK_255,ROTINI,13.7252514,100.5149926,,Unverified,,,ROTINI,,,,Google My Maps Export,
HLR_BKK_256,Hawa Pad Thai & Hoi Tod (Fried Mussel Pancake),13.7250352,100.5150524,,Unverified,,,Hawa Pad Thai & Hoi Tod (Fried Mussel Pancake),,,,Google My Maps Export,
HLR_BKK_257,Khun Mai Roti (Halal),13.7257749,100.5151337,,Unverified,,,Khun Mai Roti (Halal),,,,Google My Maps Export,
HLR_BKK_258,Khao’s ข้าว,13.7263865,100.5158791,,Unverified,,,Khao’s ข้าว,,,,Google My Maps Export,
HLR_BKK_259,Sinthorn Steak House,13.6457089,100.4982513,,Unverified,,,Sinthorn Steak House,,,,Google My Maps Export,
HLR_BKK_260,ฟัตห์ ข้าวหมกไก่ ข้าวมันไก่ ซุปเนื้อ ก๋วยเตี๋ยวเรือเนื้อตุ๋น,13.6356216,100.5023564,,Unverified,,,ฟัตห์ ข้าวหมกไก่ ข้าวมันไก่ ซุปเนื้อ ก๋วยเตี๋ยวเรือเนื้อตุ๋น,,,,Google My Maps Export,
HLR_BKK_261,RUSD Halal,13.7993313,100.5109986,,Unverified,,,RUSD Halal,,,,Google My Maps Export,
HLR_BKK_262,ร้านอาหารอิสลาม,13.8005962,100.5111771,,Unverified,,,ร้านอาหารอิสลาม,,,,Google My Maps Export,
HLR_BKK_263,Halal Canteen,13.7639972,100.5493178,,Unverified,,,Halal Canteen,,,,Google My Maps Export,
HLR_BKK_264,ริสกีกะหรี่พัฟ,13.7488631,100.656936,,Unverified,,,ริสกีกะหรี่พัฟ,,,,Google My Maps Export,
HLR_BKK_265,พิซซ่าฮาลาล69สาขา3(Pizza halal69),13.7488023,100.6566253,,Unverified,,,พิซซ่าฮาลาล69สาขา3(Pizza halal69),,,,Google My Maps Export,
HLR_BKK_266,ต้มตำตลบอีสานฮาลาลฟู้ดสาขา2,13.7521464,100.647824,,Unverified,,,ต้มตำตลบอีสานฮาลาลฟู้ดสาขา2,,,,Google My Maps Export,
HLR_BKK_267,ต้มตำตลบอีสานฮาลาลฟู้ดสาขา2 กรุงเทพกรีฑา,13.7520008,100.6475054,,Unverified,,,ต้มตำตลบอีสานฮาลาลฟู้ดสาขา2 กรุงเทพกรีฑา,,,,Google My Maps Export,
HLR_BKK_268,Chic Kebab,13.7185818,100.5854317,,Unverified,,,Chic Kebab,,,,Google My Maps Export,
HLR_BKK_269,Chansiaw Cafe,13.7373571,100.6671258,,Unverified,,,Chansiaw Cafe,,,,Google My Maps Export,
HLR_BKK_270,แอบยำนัวร์ Eab-Yum-Nua Halal,13.7212966,100.6594088,,Unverified,,,แอบยำนัวร์ Eab-Yum-Nua Halal,,,,Google My Maps Export,
HLR_BKK_271,ก๋วยเตี๋ยวเนื้อนาฟีซะห์,13.7350541,100.6438039,,Unverified,,,ก๋วยเตี๋ยวเนื้อนาฟีซะห์,,,,Google My Maps Export,
HLR_BKK_272,เทียนถังหม่าล่า Tian Tang Mala สาขาแม็กซ์แวลูพัฒนาการ,13.7354831,100.6426668,,Unverified,,,เทียนถังหม่าล่า Tian Tang Mala สาขาแม็กซ์แวลูพัฒนาการ,,,,Google My Maps Export,
HLR_BKK_273,Krua Rim Bo,13.7158899,100.6619605,,Unverified,,,Krua Rim Bo,,,,Google My Maps Export,
HLR_BKK_274,Halal Fish Noodle,13.7349864,100.6442114,,Unverified,,,Halal Fish Noodle,,,,Google My Maps Export,
HLR_BKK_275,ซารีนา เลียบมอเตอร์เวย์,13.740825,100.6463018,,Unverified,,,ซารีนา เลียบมอเตอร์เวย์,,,,Google My Maps Export,
HLR_BKK_276,Fareeda Biryani,13.7349776,100.6440729,,Unverified,,,Fareeda Biryani,,,,Google My Maps Export,
HLR_BKK_277,Love & Care Ikhwan Restaurant,13.7343923,100.6367495,,Unverified,,,Love & Care Ikhwan Restaurant,,,,Google My Maps Export,
HLR_BKK_278,โต๊ะนา เตี๋ยวเนื้อตุ๋น (ปั๊มซัสโก้ ศรีนครินทร์),13.72732,100.64122,,Unverified,,,โต๊ะนา เตี๋ยวเนื้อตุ๋น (ปั๊มซัสโก้ ศรีนครินทร์),,,,Google My Maps Export,
HLR_BKK_279,Mandarin Suki & Dim Sum Halal Future Park,13.9905266,100.6165845,,Unverified,,,Mandarin Suki & Dim Sum Halal Future Park,,,,Google My Maps Export,
HLR_BKK_280,Mandarin Suki & Dim Sum Halal Fashion Island แมนดารินสุกี้ แฟชั่นไอส์แลนด์,13.8260452,100.6789714,,Unverified,,,Mandarin Suki & Dim Sum Halal Fashion Island แมนดารินสุกี้ แฟชั่นไอส์แลนด์,,,,Google My Maps Export,
HLR_BKK_281,Mandarin Suki & Dim Sum Buffet Ladkrabang,13.7540896,100.7676211,,Unverified,,,Mandarin Suki & Dim Sum Buffet Ladkrabang,,,,Google My Maps Export,
HLR_BKK_282,Mandarin Suki & Dim Sum Pakkret,13.9240251,100.522217,,Unverified,,,Mandarin Suki & Dim Sum Pakkret,,,,Google My Maps Export,
HLR_BKK_283,Mandarin Suki & Dim Sum Pracha Uthit,13.6534004,100.4973996,,Unverified,,,Mandarin Suki & Dim Sum Pracha Uthit,,,,Google My Maps Export,
HLR_BKK_284,Mandarin Suki & Dim Sum Nongchok แมนดารินสุกี้ ติ่มซำ สาขาหนองจอก,13.8432687,100.7904567,,Unverified,,,Mandarin Suki & Dim Sum Nongchok แมนดารินสุกี้ ติ่มซำ สาขาหนองจอก,,,,Google My Maps Export,
HLR_BKK_285,เนื้อแท้ ฟิวเจอร์พาร์ค รังสิต Halal,13.9894662,100.6166037,,Unverified,,,เนื้อแท้ ฟิวเจอร์พาร์ค รังสิต Halal,,,,Google My Maps Export,
HLR_BKK_286,ร้านอาหาร สุใบด๊ะห์ชวนชิม สาขารังสิต,13.9824373,100.608794,,Unverified,,,ร้านอาหาร สุใบด๊ะห์ชวนชิม สาขารังสิต,,,,Google My Maps Export,
HLR_BKK_287,Grilled Buffet Halal,14.0299973,100.6162765,,Unverified,,,Grilled Buffet Halal,,,,Google My Maps Export,
HLR_BKK_288,ซาร่า พิซซ่า สาขาคลอง13 ธัญบุรี (ปทุมธานี),14.0717851,100.8811932,,Unverified,,,ซาร่า พิซซ่า สาขาคลอง13 ธัญบุรี (ปทุมธานี),,,,Google My Maps Export,
HLR_BKK_289,ฟาตีมะฮ์ รสเด็ด,13.9887348,100.6284943,,Unverified,,,ฟาตีมะฮ์ รสเด็ด,,,,Google My Maps Export,
HLR_BKK_290,ร้าน บังมูครัวมุสลิม,13.965209,100.595155,,Unverified,,,ร้าน บังมูครัวมุสลิม,,,,Google My Maps Export,
HLR_BKK_291,ลาติฟะห์ ข้าวหมก-ซุปหาง ลำลูกกาคลอง2,13.9382734,100.6499597,,Unverified,,,ลาติฟะห์ ข้าวหมก-ซุปหาง ลำลูกกาคลอง2,,,,Google My Maps Export,
HLR_BKK_292,สะเต๊ะ โบราณ ฮาลาล by สะเต๊ะแง๊ะ,13.9857132,100.6217192,,Unverified,,,สะเต๊ะ โบราณ ฮาลาล by สะเต๊ะแง๊ะ,,,,Google My Maps Export,
HLR_BKK_293,Pa Tim Thai Curry Restaurant,13.7614388,100.4976424,,Unverified,,,Pa Tim Thai Curry Restaurant,,,,Google My Maps Export,
HLR_BKK_294,โจ๊กอิสลาม บังดี,13.6995138,100.6380443,,Unverified,,,โจ๊กอิสลาม บังดี,,,,Google My Maps Export,
HLR_BKK_295,โจ๊กอิสลาม,13.7341982,100.5825725,,Unverified,,,โจ๊กอิสลาม,,,,Google My Maps Export,
HLR_BKK_296,ตำนานบางกอกน้อย,13.7560462,100.4863826,,Unverified,,,ตำนานบางกอกน้อย,,,,Google My Maps Export,
HLR_BKK_297,Muna Roti Tea Coffee,13.8451861,100.4709698,,Unverified,,,Muna Roti Tea Coffee,,,,Google My Maps Export,
HLR_BKK_298,อันวาชาชักปัตตานี ยะห์ยาโรตี,13.7554326,100.4747748,,Unverified,,,อันวาชาชักปัตตานี ยะห์ยาโรตี,,,,Google My Maps Export,
HLR_BKK_299,ร้าน นิลข้าวหมกไก่ (อิสลาม-ฮาลาล),13.7622282,100.4826309,,Unverified,,,ร้าน นิลข้าวหมกไก่ (อิสลาม-ฮาลาล),,,,Google My Maps Export,
HLR_BKK_300,Shabu Ox Halal,13.7530708,100.6221418,,Unverified,,,Shabu Ox Halal,,,,Google My Maps Export,
HLR_BKK_301,The Grill บุฟเฟต์ยากินิคุ ชาบู ซูชิ ฮาลาล,13.7699786,100.6182426,,Unverified,,,The Grill บุฟเฟต์ยากินิคุ ชาบู ซูชิ ฮาลาล,,,,Google My Maps Export,
HLR_BKK_302,Got to Grill,13.753888,100.655253,,Unverified,,,Got to Grill,,,,Google My Maps Export,
HLR_BKK_303,ราม 53 บุฟเฟ่ต์ทะเลเผา,13.7698003,100.6183919,,Unverified,,,ราม 53 บุฟเฟ่ต์ทะเลเผา,,,,Google My Maps Export,
HLR_BKK_304,King Kani Yakiniku & Shabu,13.7763738,100.6733474,,Unverified,,,King Kani Yakiniku & Shabu,,,,Google My Maps Export,
HLR_BKK_305,ยูซุฟเนื้อกระทะ,13.7779927,100.6728497,,Unverified,,,ยูซุฟเนื้อกระทะ,,,,Google My Maps Export,
HLR_BKK_306,หมี่เกี๊ยวป่ะ ฮาลาล เป็ดย่าง ติ่มซำ อาหารจีน,13.7410428,100.6953378,,Unverified,,,หมี่เกี๊ยวป่ะ ฮาลาล เป็ดย่าง ติ่มซำ อาหารจีน,,,,Google My Maps Export,
HLR_BKK_307,หมี่เกี๊ยวป่ะ ฮาลาล สาขา หมู่บ้านนักกีฬา,13.7411363,100.6948127,,Unverified,,,หมี่เกี๊ยวป่ะ ฮาลาล สาขา หมู่บ้านนักกีฬา,,,,Google My Maps Export,
HLR_BKK_308,Yu suf halal food,13.703365,100.734289,,Unverified,,,Yu suf halal food,,,,Google My Maps Export,
HLR_BKK_309,ไก่ทอดเดชา,13.8184484,100.6378786,,Unverified,,,ไก่ทอดเดชา,,,,Google My Maps Export,
HLR_BKK_310,Sunny Coffee House (Ramkhamhaeng),13.741504,100.6012672,,Unverified,,,Sunny Coffee House (Ramkhamhaeng),,,,Google My Maps Export,
HLR_BKK_311,กัสมา,13.7417042,100.6013318,,Unverified,,,กัสมา,,,,Google My Maps Export,
HLR_BKK_312,ใบไม้หวาน(Baimaiwaan),13.7658676,100.6451241,,Unverified,,,ใบไม้หวาน(Baimaiwaan),,,,Google My Maps Export,
HLR_BKK_313,วังโก๋ ปาท่องโก๋ฮาลาล,13.8458831,100.79022,,Unverified,,,วังโก๋ ปาท่องโก๋ฮาลาล,,,,Google My Maps Export,
HLR_BKK_314,บ้านพ่อ Halal café & restaurant,13.780311,100.673431,,Unverified,,,บ้านพ่อ Halal café & restaurant,,,,Google My Maps Export,
HLR_BKK_315,Bangchaphan Cafe (Halal),13.7786389,100.6761136,,Unverified,,,Bangchaphan Cafe (Halal),,,,Google My Maps Export,
HLR_BKK_316,WangSom วังโสมคาเฟ่ (Halal),13.747221,100.626035,,Unverified,,,WangSom วังโสมคาเฟ่ (Halal),,,,Google My Maps Export,
HLR_BKK_317,ตื่นมาชง( Tuen ma chong),13.7806064,100.6746514,,Unverified,,,ตื่นมาชง( Tuen ma chong),,,,Google My Maps Export,
HLR_BKK_318,Brewspective Cafe (Halal),13.7469502,100.6012956,,Unverified,,,Brewspective Cafe (Halal),,,,Google My Maps Export,
HLR_BKK_319,ครัวลีน่าจิ้มจุ่ม พระราม 9,13.7475539,100.6042292,,Unverified,,,ครัวลีน่าจิ้มจุ่ม พระราม 9,,,,Google My Maps Export,
HLR_BKK_320,ร้านอินอาม สะเต๊ะไก่/เนื้อ และลูกชิ้นเนื้อ,13.7456237,100.6017071,,Unverified,,,ร้านอินอาม สะเต๊ะไก่/เนื้อ และลูกชิ้นเนื้อ,,,,Google My Maps Export,
HLR_BKK_321,Nua Tair,13.8157536,100.5597979,,Unverified,,,Nua Tair,,,,Google My Maps Export,
HLR_BKK_322,เนื้อแท้ สาขาเซนทรัลพระรามสอง (Nurtair),13.6636901,100.4371301,,Unverified,,,เนื้อแท้ สาขาเซนทรัลพระรามสอง (Nurtair),,,,Google My Maps Export,
HLR_BKK_323,เนื้อแท้,13.8770958,100.4113483,,Unverified,,,เนื้อแท้,,,,Google My Maps Export,
HLR_BKK_324,เนื้อแท้ หนองจอก,13.8437508,100.789906,,Unverified,,,เนื้อแท้ หนองจอก,,,,Google My Maps Export,
HLR_BKK_325,เนื้อแท้ สยามเซ็นเตอร์,13.7479494,100.5283765,,Unverified,,,เนื้อแท้ สยามเซ็นเตอร์,,,,Google My Maps Export,
HLR_BKK_326,ข้าวหมกไก่มณีวงศ์,13.7458143,100.529739,,Unverified,,,ข้าวหมกไก่มณีวงศ์,,,,Google My Maps Export,
HLR_BKK_327,ข้าวหมกไก่คุณนายเรณู - บรรทัดทอง(กิ่งเพชร),13.7543978,100.52636,,Unverified,,,ข้าวหมกไก่คุณนายเรณู - บรรทัดทอง(กิ่งเพชร),,,,Google My Maps Export,
HLR_BKK_328,Crepes Cup,13.7495058,100.5260813,,Unverified,,,Crepes Cup,,,,Google My Maps Export,
HLR_BKK_329,BUNGBUGAFAIRBUDD,13.7513238,100.5238014,,Unverified,,,BUNGBUGAFAIRBUDD,,,,Google My Maps Export,
HLR_BKK_330,ดาเนียเย็นตาโฟ,13.7510008,100.5250442,,Unverified,,,ดาเนียเย็นตาโฟ,,,,Google My Maps Export,
HLR_BKK_331,ร้านก๋วยเตี๋ยวครัวปรางปรุง,13.7505864,100.5251456,,Unverified,,,ร้านก๋วยเตี๋ยวครัวปรางปรุง,,,,Google My Maps Export,
HLR_BKK_332,ไก่ทอดเดชา,13.9096299,100.5386185,,Unverified,,,ไก่ทอดเดชา,,,,Google My Maps Export,
HLR_BKK_333,ร้านไก่ทอดเดชา,13.9324854,100.3999778,,Unverified,,,ร้านไก่ทอดเดชา,,,,Google My Maps Export,
HLR_BKK_334,Kai Tod Decha,13.7526478,100.7171882,,Unverified,,,Kai Tod Decha,,,,Google My Maps Export,
HLR_BKK_335,ไก่ทอดเดชา,13.8184484,100.6378786,,Unverified,,,ไก่ทอดเดชา,,,,Google My Maps Export,
HLR_BKK_336,บังเลาะห์ไก่ทอดเดชา สาขาท็อปราษฏร์พัฒนา,13.7729931,100.7063471,,Unverified,,,บังเลาะห์ไก่ทอดเดชา สาขาท็อปราษฏร์พัฒนา,,,,Google My Maps Export,
HLR_BKK_337,เกี๊ยวซ่า เดลิเวอรี่ gyozap halal,13.7755685,100.6202411,,Unverified,,,เกี๊ยวซ่า เดลิเวอรี่ gyozap halal,,,,Google My Maps Export,
HLR_BKK_338,อิสลามฟู้ด - ลาดพร้าว112,13.7735304,100.6192856,,Unverified,,,อิสลามฟู้ด - ลาดพร้าว112,,,,Google My Maps Export,
HLR_BKK_339,บุฟเฟ่ต์​บ้านเพื่อน​ ฮาลาล​ ราม65/ลาดพร้าว​122​ แยก14,13.7746717,100.6219318,,Unverified,,,บุฟเฟ่ต์​บ้านเพื่อน​ ฮาลาล​ ราม65/ลาดพร้าว​122​ แยก14,,,,Google My Maps Export,
HLR_BKK_340,ละห์มุนก๋วยเตี๋ยวเนื้อตุ๋น Halal,13.7733523,100.6210113,,Unverified,,,ละห์มุนก๋วยเตี๋ยวเนื้อตุ๋น Halal,,,,Google My Maps Export,
HLR_BKK_341,บังยีเสริฐ109 ซุปหางวัว ข้าวหมกไก่,13.8143079,100.6992799,,Unverified,,,บังยีเสริฐ109 ซุปหางวัว ข้าวหมกไก่,,,,Google My Maps Export,
HLR_BKK_342,Origami Japanese Restaurant,13.7349874,100.643921,,Unverified,,,Origami Japanese Restaurant,,,,Google My Maps Export,
HLR_BKK_343,ฮาลาล บ๊อค,13.7493106,100.6742936,,Unverified,,,ฮาลาล บ๊อค,,,,Google My Maps Export,
HLR_BKK_344,ครัวมะฉัน,13.7498967,100.6729085,,Unverified,,,ครัวมะฉัน,,,,Google My Maps Export,
HLR_BKK_345,ครัวบ้านนินู ฮาลาลฟู๊ด halal food,13.7492821,100.673916,,Unverified,,,ครัวบ้านนินู ฮาลาลฟู๊ด halal food,,,,Google My Maps Export,
HLR_BKK_346,จีระพันธ์ ไก่ย่าง ฮาลาล,13.7498628,100.6720804,,Unverified,,,จีระพันธ์ ไก่ย่าง ฮาลาล,,,,Google My Maps Export,
HLR_BKK_347,เตี๋ยว ตก เรือ (ฮาล้าล),13.7493992,100.6690445,,Unverified,,,เตี๋ยว ตก เรือ (ฮาล้าล),,,,Google My Maps Export,
HLR_BKK_348,ฮาดีย์ดี้ HALAL FOOD,13.7505418,100.6797246,,Unverified,,,ฮาดีย์ดี้ HALAL FOOD,,,,Google My Maps Export,
HLR_BKK_349,จูมะห์ครัวในวัง,13.7506798,100.6798328,,Unverified,,,จูมะห์ครัวในวัง,,,,Google My Maps Export,
HLR_BKK_350,ตระกูลผัด กรุงเทพกรีฑา(ฮาลาล),13.750629,100.6795236,,Unverified,,,ตระกูลผัด กรุงเทพกรีฑา(ฮาลาล),,,,Google My Maps Export,
HLR_BKK_351,จูบา ก๋วยเตี๋ยวไก่มะระ บุฟเฟต์,13.7506394,100.6794837,,Unverified,,,จูบา ก๋วยเตี๋ยวไก่มะระ บุฟเฟต์,,,,Google My Maps Export,
HLR_BKK_352,บีบ๊ะห์แซ่บปากซีด,13.7505846,100.6793531,,Unverified,,,บีบ๊ะห์แซ่บปากซีด,,,,Google My Maps Export,
HLR_BKK_353,ร้านอะหมัดนุรชาชัก สาขา3,13.7505645,100.6792222,,Unverified,,,ร้านอะหมัดนุรชาชัก สาขา3,,,,Google My Maps Export,
HLR_BKK_354,Namana ข้าวไก่อบนุ่ม Halal,13.6472188,100.5183849,,Unverified,,,Namana ข้าวไก่อบนุ่ม Halal,,,,Google My Maps Export,
HLR_BKK_355,Yousub Halal Restaurant Fried Beef Satay (Ramkhamhaeng 61),13.7603263,100.6229358,,Unverified,,,Yousub Halal Restaurant Fried Beef Satay (Ramkhamhaeng 61),,,,Google My Maps Export,
HLR_BKK_356,ข้าวหมกไก่ฟาฮัทสาขา2,13.7696499,100.6429531,,Unverified,,,ข้าวหมกไก่ฟาฮัทสาขา2,,,,Google My Maps Export,
HLR_BKK_357,บังลีม ข้าวหมกไก่ ฮาลาล,13.6974971,100.6376404,,Unverified,,,บังลีม ข้าวหมกไก่ ฮาลาล,,,,Google My Maps Export,
HLR_BKK_358,Bi'halalika​ Roti​ &​ Bistro​,13.7282375,100.5961688,,Unverified,,,Bi'halalika​ Roti​ &​ Bistro​,,,,Google My Maps Export,
HLR_BKK_359,ศูนย์อาหารคลองเคล็ด ฮาลาลฟู๊ด,13.696773,100.638227,,Unverified,,,ศูนย์อาหารคลองเคล็ด ฮาลาลฟู๊ด,,,,Google My Maps Export,
HLR_BKK_360,Mala Nong Da (Halal),13.7108693,100.642889,,Unverified,,,Mala Nong Da (Halal),,,,Google My Maps Export,
HLR_BKK_361,มูซาเป็ดย่าง,13.7129074,100.6423009,,Unverified,,,มูซาเป็ดย่าง,,,,Google My Maps Export,
HLR_BKK_362,Bodin Mariyah Bakery,13.723537,100.4871587,,Unverified,,,Bodin Mariyah Bakery,,,,Google My Maps Export,
HLR_BKK_363,ก๋วยเตี๋ยวเรือรามคำแหง53 (ฮาลาล),13.7702166,100.6185421,,Unverified,,,ก๋วยเตี๋ยวเรือรามคำแหง53 (ฮาลาล),,,,Google My Maps Export,
HLR_BKK_364,มุสลิมสเต็กเฮ้าส์ ลาดพร้าว112,13.7716147,100.6195294,,Unverified,,,มุสลิมสเต็กเฮ้าส์ ลาดพร้าว112,,,,Google My Maps Export,
HLR_BKK_365,มาซาอุล ครัวฮาลาล,13.7691826,100.6186926,,Unverified,,,มาซาอุล ครัวฮาลาล,,,,Google My Maps Export,
HLR_BKK_366,Ram 53 grilled seafood buffet Halal,13.7698003,100.6183919,,Unverified,,,Ram 53 grilled seafood buffet Halal,,,,Google My Maps Export,
HLR_BKK_367,รอฮานี,13.7170312,100.5965309,,Unverified,,,รอฮานี,,,,Google My Maps Export,
HLR_BKK_368,ซาบีลี รามคำแหง53,13.7644271,100.6185392,,Unverified,,,ซาบีลี รามคำแหง53,,,,Google My Maps Export,
HLR_BKK_369,ฟาฝู หม่าล่า ฮาลาล,13.7392451,100.6909524,,Unverified,,,ฟาฝู หม่าล่า ฮาลาล,,,,Google My Maps Export,
HLR_BKK_370,Mariam's Halal Restaurant,13.73953,100.6895688,,Unverified,,,Mariam's Halal Restaurant,,,,Google My Maps Export,
HLR_BKK_371,Danee Noodles Halal Food,13.7399475,100.6895769,,Unverified,,,Danee Noodles Halal Food,,,,Google My Maps Export,
HLR_BKK_372,ข้าวมันไก่ จป.(ฮาลาล),13.7428792,100.6891387,,Unverified,,,ข้าวมันไก่ จป.(ฮาลาล),,,,Google My Maps Export,
HLR_BKK_373,Nureen Halal Bakery,13.7386755,100.6872839,,Unverified,,,Nureen Halal Bakery,,,,Google My Maps Export,
HLR_BKK_374,Halal porridge,13.7011135,100.5015284,,Unverified,,,Halal porridge,,,,Google My Maps Export,
HLR_BKK_375,ร้านน้องอาอิชะ มุสลิมตามสั่ง,13.6988082,100.5057495,,Unverified,,,ร้านน้องอาอิชะ มุสลิมตามสั่ง,,,,Google My Maps Export,
HLR_BKK_376,Roti Teh Tarik,13.6997077,100.5045477,,Unverified,,,Roti Teh Tarik,,,,Google My Maps Export,
HLR_BKK_377,สมิหลาครัวใต้,13.759372,100.6496805,,Unverified,,,สมิหลาครัวใต้,,,,Google My Maps Export,
HLR_BKK_378,ป้าเรียม เนื้อทอด,13.7595235,100.6498832,,Unverified,,,ป้าเรียม เนื้อทอด,,,,Google My Maps Export,
HLR_BKK_379,ร้านอาหาร ขนมจีน ฮาล้าล 46,13.7572445,100.6218273,,Unverified,,,ร้านอาหาร ขนมจีน ฮาล้าล 46,,,,Google My Maps Export,
HLR_BKK_380,Farida Curry Puffs,13.7562953,100.6515583,,Unverified,,,Farida Curry Puffs,,,,Google My Maps Export,
HLR_BKK_381,ก๋วยเตี๋ยวเนื้อ สวนสน,13.7563147,100.6517289,,Unverified,,,ก๋วยเตี๋ยวเนื้อ สวนสน,,,,Google My Maps Export,
HLR_BKK_382,The Hope Cafe กรุงเทพกรีฑา,13.748189,100.6557545,,Unverified,,,The Hope Cafe กรุงเทพกรีฑา,,,,Google My Maps Export,
HLR_BKK_383,Juna Namtok Beef Noodle,13.7494699,100.6501923,,Unverified,,,Juna Namtok Beef Noodle,,,,Google My Maps Export,
HLR_BKK_384,Nuatair Wok Phenix Branch,13.750147,100.5369351,,Unverified,,,Nuatair Wok Phenix Branch,,,,Google My Maps Export,
HLR_BKK_385,Ami Malaya Indonesian Halal Food,13.7501438,100.5369981,,Unverified,,,Ami Malaya Indonesian Halal Food,,,,Google My Maps Export,
HLR_BKK_386,Gohnukbin Halal,13.7505512,100.5373049,,Unverified,,,Gohnukbin Halal,,,,Google My Maps Export,
HLR_BKK_387,ร้านอาหารฮุสนาฮาลาลฟู๊ด,13.72979,100.623819,,Unverified,,,ร้านอาหารฮุสนาฮาลาลฟู๊ด,,,,Google My Maps Export,
HLR_BKK_388,อัฟกอรี่ข้าวหน้าเป็ด ก๋วยเตี๋ยวรสเด็ด,13.7317192,100.6265155,,Unverified,,,อัฟกอรี่ข้าวหน้าเป็ด ก๋วยเตี๋ยวรสเด็ด,,,,Google My Maps Export,
HLR_BKK_389,ฮามาส ฮาลาลฟู้ด (Hamas Halal Food),13.7550935,100.5308858,,Unverified,,,ฮามาส ฮาลาลฟู้ด (Hamas Halal Food),,,,Google My Maps Export,
HLR_BKK_390,Gohnukbin Patongko Halal (Seri Market Branch),13.6863355,100.6474283,,Unverified,,,Gohnukbin Patongko Halal (Seri Market Branch),,,,Google My Maps Export,
HLR_BKK_391,IKROM HALAL FOODS (MOTORWAY ),13.7400639,100.6466248,,Unverified,,,IKROM HALAL FOODS (MOTORWAY ),,,,Google My Maps Export,
HLR_BKK_392,Sareena Muslim Restaurant,13.7399599,100.6467794,,Unverified,,,Sareena Muslim Restaurant,,,,Google My Maps Export,
HLR_BKK_393,Sareena Muslim Restaurant,13.7399599,100.6467794,,Unverified,,,Sareena Muslim Restaurant,,,,Google My Maps Export,
HLR_BKK_394,โรตีฟาติมะห์ สาขา 2,13.741304,100.6227906,,Unverified,,,โรตีฟาติมะห์ สาขา 2,,,,Google My Maps Export,
HLR_BKK_395,โรตีฟาติมะห์ สาขา 2,13.741304,100.6227906,,Unverified,,,โรตีฟาติมะห์ สาขา 2,,,,Google My Maps Export,
HLR_BKK_396,อาหารอิสลามยามเช้า ป้าอาอีซะห์ Halal Breakfast Aunty Aisah,13.7565643,100.5304848,,Unverified,,,อาหารอิสลามยามเช้า ป้าอาอีซะห์ Halal Breakfast Aunty Aisah,,,,Google My Maps Export,
HLR_BKK_397,ครัวป้าลิ้ม เคหะคลองจั่น,13.7702373,100.6488062,,Unverified,,,ครัวป้าลิ้ม เคหะคลองจั่น,,,,Google My Maps Export,
HLR_BKK_398,ข้าวหมกไก่ย่างบังฟารุก ชั้น2 โลตัสสำนักงานใหญ่ ร้านอาหารตามสั่ง 40 บาท อิสลาม นวมินทร์86 อร่อย ราคาถูก ผัดไท ราดหน้า กระเพรา,13.8253541,100.659572,,Unverified,,,ข้าวหมกไก่ย่างบังฟารุก ชั้น2 โลตัสสำนักงานใหญ่ ร้านอาหารตามสั่ง 40 บาท อิสลาม นวมินทร์86 อร่อย ราคาถูก ผัดไท ราดหน้า กระเพรา,,,,Google My Maps Export,
HLR_BKK_399,ร้านอิสลาม ข้าวหมกไก่ย่างบังฟารุก 39 บาท อิสลาม ฮาลาล ชั้น4 The Street Ratchada - Halal Food - 曼谷“邦发禄烤鸡”清真餐厅 รับทำข้าวกล่อง,13.7704702,100.5721329,,Unverified,,,ร้านอิสลาม ข้าวหมกไก่ย่างบังฟารุก 39 บาท อิสลาม ฮาลาล ชั้น4 The Street Ratchada - Halal Food - 曼谷“邦发禄烤鸡”清真餐厅 รับทำข้าวกล่อง,,,,Google My Maps Export,
HLR_BKK_400,ร้านอาหารอิสลาม 39 บาท ชั้น2 โรงพยาบาลราชวิถี อาคารเฉลิมพระเกียรติ ข้าวหมกไก่ย่างบังฟารุก,13.7640106,100.5353246,,Unverified,,,ร้านอาหารอิสลาม 39 บาท ชั้น2 โรงพยาบาลราชวิถี อาคารเฉลิมพระเกียรติ ข้าวหมกไก่ย่างบังฟารุก,,,,Google My Maps Export,
HLR_BKK_401,Roti Ong Halal Food,13.64423,100.498839,,Unverified,,,Roti Ong Halal Food,,,,Google My Maps Export,
HLR_BKK_402,Ibu Restaurant (Halal) | Malaysian Food,13.7241658,100.5226412,,Unverified,,,Ibu Restaurant (Halal) | Malaysian Food,,,,Google My Maps Export,
HLR_BKK_403,Martabak Ramunrin (Halal),13.7445893,100.5445541,,Unverified,,,Martabak Ramunrin (Halal),,,,Google My Maps Export,
HLR_BKK_404,Sofia halal food (Big C Foodpark),13.7470274,100.5416437,,Unverified,,,Sofia halal food (Big C Foodpark),,,,Google My Maps Export,
HLR_BKK_405,นครเลิศรส Nakhonlerdros,13.7264158,100.5087822,,Unverified,,,นครเลิศรส Nakhonlerdros,,,,Google My Maps Export,
HLR_BKK_406,Yu Sup Pochana (Khao Biryani) Halal,13.8367519,100.6048736,,Unverified,,,Yu Sup Pochana (Khao Biryani) Halal,,,,Google My Maps Export,
HLR_BKK_407,Chor-Ma-Lee Bistro (Terminal 21) Halal,13.7379219,100.5604662,,Unverified,,,Chor-Ma-Lee Bistro (Terminal 21) Halal,,,,Google My Maps Export,
HLR_BKK_408,Duck Noodle Shop (Halal) Charoen Krung 103,13.7012347,100.501701,,Unverified,,,Duck Noodle Shop (Halal) Charoen Krung 103,,,,Google My Maps Export,
HLR_BKK_409,Chan 49 (Halal),13.7082292,100.5164779,,Unverified,,,Chan 49 (Halal),,,,Google My Maps Export,
HLR_BKK_410,Noor ข้าวหมกไก่ เจริญนคร,13.7132957,100.5035635,,Unverified,,,Noor ข้าวหมกไก่ เจริญนคร,,,,Google My Maps Export,
HLR_BKK_411,Edited Noodle | Halal,13.6979979,100.49801,,Unverified,,,Edited Noodle | Halal,,,,Google My Maps Export,
HLR_BKK_412,บะหมี่อิ่มสำราญ,13.8475613,100.798791,,Unverified,,,บะหมี่อิ่มสำราญ,,,,Google My Maps Export,
HLR_BKK_413,ล้านบังมูฮัมหมัด ฮาลาลฟู้ด,13.8465348,100.7976864,,Unverified,,,ล้านบังมูฮัมหมัด ฮาลาลฟู้ด,,,,Google My Maps Export,
HLR_BKK_414,บาริย่า อาหารอินเดีย ฮาลาล,13.8460113,100.79663,,Unverified,,,บาริย่า อาหารอินเดีย ฮาลาล,,,,Google My Maps Export,
HLR_BKK_415,น้อนหมีมีหนม Halal Homemade,13.8496082,100.7990033,,Unverified,,,น้อนหมีมีหนม Halal Homemade,,,,Google My Maps Export,
HLR_BKK_416,ข้าวราดแกงA4,13.8440284,100.7940839,,Unverified,,,ข้าวราดแกงA4,,,,Google My Maps Export,
HLR_BKK_417,Monkey Suki Halal มีนบุรีคู้ขวา,13.8359217,100.7787616,,Unverified,,,Monkey Suki Halal มีนบุรีคู้ขวา,,,,Google My Maps Export,
HLR_BKK_418,ร้านก๋วยจั๊บญวนฮาลาล บังเฟิร์ส เด็กเส้น,13.7507192,100.5249057,,Unverified,,,ร้านก๋วยจั๊บญวนฮาลาล บังเฟิร์ส เด็กเส้น,,,,Google My Maps Export,
HLR_BKK_419,La Meet,13.7785517,100.5577373,,Unverified,,,La Meet,,,,Google My Maps Export,
HLR_BKK_420,Braised Beef Noodle Shop Halal,13.6966368,100.4990489,,Unverified,,,Braised Beef Noodle Shop Halal,,,,Google My Maps Export,
HLR_BKK_421,flowda,13.6944862,100.493878,,Unverified,,,flowda,,,,Google My Maps Export,
HLR_BKK_422,ร้านอาหารมุสลิม มาซีละห์,13.6943935,100.4936983,,Unverified,,,ร้านอาหารมุสลิม มาซีละห์,,,,Google My Maps Export,
HLR_BKK_423,ร้านกระเพาะปลา แม่โต้ (ฮาลาล),13.6939871,100.4950406,,Unverified,,,ร้านกระเพาะปลา แม่โต้ (ฮาลาล),,,,Google My Maps Export,
HLR_BKK_424,Almazaj Restaurant,13.7414352,100.6132541,,Unverified,,,Almazaj Restaurant,,,,Google My Maps Export,
HLR_BKK_425,Easy corner - halal,13.7409674,100.6143304,,Unverified,,,Easy corner - halal,,,,Google My Maps Export,
HLR_BKK_426,เหล่าม่า ฮาลาล โจ๊กฮ่องกง ติ่มซำกุ้งเด้ง,13.7498809,100.6738755,,Unverified,,,เหล่าม่า ฮาลาล โจ๊กฮ่องกง ติ่มซำกุ้งเด้ง,,,,Google My Maps Export,
HLR_BKK_427,the sheeq chicken halal สาขากรุงเทพกรีฑา,13.7391614,100.6911336,,Unverified,,,the sheeq chicken halal สาขากรุงเทพกรีฑา,,,,Google My Maps Export,
HLR_BKK_428,Bunker Burger (Halal) - บังเกอร์ เบอเกอร์ ฮาลาล,13.7499358,100.6493866,,Unverified,,,Bunker Burger (Halal) - บังเกอร์ เบอเกอร์ ฮาลาล,,,,Google My Maps Export,
HLR_BKK_429,Okinawa Halal Japanese Restaurant,13.9527178,100.4770851,,Unverified,,,Okinawa Halal Japanese Restaurant,,,,Google My Maps Export,
HLR_BKK_430,In Seoul BBQ Halal อินโซล ฮาลาล บุฟเฟ่ต์,13.6958235,100.6483922,,Unverified,,,In Seoul BBQ Halal อินโซล ฮาลาล บุฟเฟ่ต์,,,,Google My Maps Export,
HLR_BKK_431,Mommy Bagels & Bread,13.8021798,100.5125671,,Unverified,,,Mommy Bagels & Bread,,,,Google My Maps Export,
HLR_BKK_432,MeatLover Halal Restaurant Min Buri,13.8387856,100.7819762,,Unverified,,,MeatLover Halal Restaurant Min Buri,,,,Google My Maps Export,
HLR_BKK_433,The Sheeq Chicken Fried Halal,13.7393452,100.5934468,,Unverified,,,The Sheeq Chicken Fried Halal,,,,Google My Maps Export,
HLR_BKK_434,19 Burger krungthep kreetha 7,13.7532334,100.6566615,,Unverified,,,19 Burger krungthep kreetha 7,,,,Google My Maps Export,
HLR_BKK_435,AZIZ halal bread,13.743147,100.5777984,,Unverified,,,AZIZ halal bread,,,,Google My Maps Export,
HLR_BKK_436,ชาชักมาเลย์ - วาฟเฟิลแป้งนุ่ม Busree Waffle Halal,13.7498655,100.6021686,,Unverified,,,ชาชักมาเลย์ - วาฟเฟิลแป้งนุ่ม Busree Waffle Halal,,,,Google My Maps Export,
HLR_BKK_437,Waffle Bake Cafe’ วาฟเฟิล ฮาลาล,13.7039956,100.6854519,,Unverified,,,Waffle Bake Cafe’ วาฟเฟิล ฮาลาล,,,,Google My Maps Export,
HLR_BKK_438,FINE BITE halal burger & sandwich,13.7750916,100.6191557,,Unverified,,,FINE BITE halal burger & sandwich,,,,Google My Maps Export,
HLR_BKK_439,BB Cafe (Salad-Sandwiches halal&drinks),13.7663874,100.6576297,,Unverified,,,BB Cafe (Salad-Sandwiches halal&drinks),,,,Google My Maps Export,
HLR_BKK_440,FIN Burger,13.744666,100.6071624,,Unverified,,,FIN Burger,,,,Google My Maps Export,
HLR_BKK_441,In Seoul BBQ Halal Buffet อินโซล ฮาลาล บุฟเฟ่ต์ พระราม 9-รามคำแหง,13.7466749,100.6044858,,Unverified,,,In Seoul BBQ Halal Buffet อินโซล ฮาลาล บุฟเฟ่ต์ พระราม 9-รามคำแหง,,,,Google My Maps Export,
HLR_BKK_442,Mr.Shawarma Terminal21,13.7379219,100.5604662,,Unverified,,,Mr.Shawarma Terminal21,,,,Google My Maps Export,
HLR_BKK_443,Muna Shabu,13.7655023,100.6422891,,Unverified,,,Muna Shabu,,,,Google My Maps Export,
HLR_BKK_444,In Seoul BBQ Halal Buffet อินโซล ฮาลาล บุฟเฟ่ต์ พระราม 9-รามคำแหง,13.7466749,100.6044858,,Unverified,,,In Seoul BBQ Halal Buffet อินโซล ฮาลาล บุฟเฟ่ต์ พระราม 9-รามคำแหง,,,,Google My Maps Export,
HLR_BKK_445,Mandarin Suki & Dim Sum Buffet Halal Rama9-Ramkamhaeng,13.746855,100.6046675,,Unverified,,,Mandarin Suki & Dim Sum Buffet Halal Rama9-Ramkamhaeng,,,,Google My Maps Export,
HLR_BKK_446,Happy Halal Desserts,13.6947656,100.8317165,,Unverified,,,Happy Halal Desserts,,,,Google My Maps Export,
HLR_BKK_447,Hatake Halal Japanese Cuisine,13.6950193,100.8322215,,Unverified,,,Hatake Halal Japanese Cuisine,,,,Google My Maps Export,
HLR_BKK_448,Saima Food Master,13.7257165,100.5200861,,Unverified,,,Saima Food Master,,,,Google My Maps Export,
HLR_BKK_449,Canadian 1 For 1 Pizza,13.7203628,100.5660773,,Unverified,,,Canadian 1 For 1 Pizza,,,,Google My Maps Export,
HLR_BKK_450,Fahana Italian(halal)ร้านฟาฮาน่าอิตาเลี่ยนฟู้ดส์,13.7409014,100.6238777,,Unverified,,,Fahana Italian(halal)ร้านฟาฮาน่าอิตาเลี่ยนฟู้ดส์,,,,Google My Maps Export,
HLR_BKK_451,Sarah Halal Pizza,13.7971889,100.6692696,,Unverified,,,Sarah Halal Pizza,,,,Google My Maps Export,
HLR_BKK_452,Sara Pizza​ Halal​-สาขาพิศภิมุข คลอง5 ธัญบุรี​,14.010668,100.7152389,,Unverified,,,Sara Pizza​ Halal​-สาขาพิศภิมุข คลอง5 ธัญบุรี​,,,,Google My Maps Export,
HLR_BKK_453,CupFella Café,13.721146,100.6617652,,Unverified,,,CupFella Café,,,,Google My Maps Export,
HLR_BKK_454,BABBUNG BURGER,13.7599429,100.618318,,Unverified,,,BABBUNG BURGER,,,,Google My Maps Export,
HLR_BKK_455,The Beef Master by Company B,13.7455474,100.5303704,,Unverified,,,The Beef Master by Company B,,,,Google My Maps Export,
HLR_BKK_456,XIAN Halal - เซียน เนื้อตุ๋นฮาลาล,13.7737483,100.6414811,,Unverified,,,XIAN Halal - เซียน เนื้อตุ๋นฮาลาล,,,,Google My Maps Export,
HLR_BKK_457,มูฮำหมัด รสดี มีนบุรี,13.8483099,100.7870765,,Unverified,,,มูฮำหมัด รสดี มีนบุรี,,,,Google My Maps Export,
HLR_BKK_458,iCoffee (Roz Bakery Halal),13.7703308,100.6188574,,Unverified,,,iCoffee (Roz Bakery Halal),,,,Google My Maps Export,
HLR_BKK_459,ลี่หยาง ราษฎร์อุทิศ54 (Liyang),13.8401884,100.7863976,,Unverified,,,ลี่หยาง ราษฎร์อุทิศ54 (Liyang),,,,Google My Maps Export,
HLR_BKK_460,เหล่าหลงถัน Laolongtan Halal Hotpot,13.7615864,100.6345472,,Unverified,,,เหล่าหลงถัน Laolongtan Halal Hotpot,,,,Google My Maps Export,
HLR_BKK_461,Mama Fathima Cafeteria,13.7431212,100.5533823,,Unverified,,,Mama Fathima Cafeteria,,,,Google My Maps Export,
HLR_BKK_462,Mandarin Suki & Dim Sum Seacon Square,13.6936568,100.6485495,,Unverified,,,Mandarin Suki & Dim Sum Seacon Square,,,,Google My Maps Export,
HLR_BKK_463,Aladin Sushi & Cafe',13.7696208,100.5906376,,Unverified,,,Aladin Sushi & Cafe',,,,Google My Maps Export,
HLR_BKK_464,Mandarin Suki Dim Sum Halal Seacon Bangkae,13.7112053,100.4339768,,Unverified,,,Mandarin Suki Dim Sum Halal Seacon Bangkae,,,,Google My Maps Export,
HLR_BKK_465,MuslimDonut,13.7255272,100.5148909,,Unverified,,,MuslimDonut,,,,Google My Maps Export,
HLR_BKK_466,O-Bento Japanese Delivery,13.7376746,100.6412153,,Unverified,,,O-Bento Japanese Delivery,,,,Google My Maps Export,
HLR_BKK_467,Nuatair XIAN TIAW,13.7421336,100.5226686,,Unverified,,,Nuatair XIAN TIAW,,,,Google My Maps Export,
HLR_BKK_468,Suklert Burger & Halalfood,13.7423253,100.5239657,,Unverified,,,Suklert Burger & Halalfood,,,,Google My Maps Export,
HLR_BKK_469,Aya,13.7296056,100.6268569,,Unverified,,,Aya,,,,Google My Maps Export,
HLR_BKK_470,Bake Brown,13.7498743,100.6492354,,Unverified,,,Bake Brown,,,,Google My Maps Export,
HLR_BKK_471,Bake_Brown 2,13.7527687,100.6224662,,Unverified,,,Bake_Brown 2,,,,Google My Maps Export,
HLR_BKK_472,Nuatair Seacon Bangkae (Halal),13.7124333,100.4343745,,Unverified,,,Nuatair Seacon Bangkae (Halal),,,,Google My Maps Export,
HLR_BKK_473,Fahrenheit Bakery (Halal),13.7429634,100.5438028,,Unverified,,,Fahrenheit Bakery (Halal),,,,Google My Maps Export,
HLR_BKK_474,GLAUX BURGER (HALAL),13.742651,100.5622685,,Unverified,,,GLAUX BURGER (HALAL),,,,Google My Maps Export,
HLR_BKK_475,cozyloaf.Homemade Bakery Halal,13.8473913,100.7986638,,Unverified,,,cozyloaf.Homemade Bakery Halal,,,,Google My Maps Export,
HLR_BKK_476,นาริชา ฮาลาล (มหานาค),13.7518627,100.5158398,,Unverified,,,นาริชา ฮาลาล (มหานาค),,,,Google My Maps Export,
HLR_BKK_477,The halal breakfast อาหารเช้าฮาลาล,13.7526762,100.5167641,,Unverified,,,The halal breakfast อาหารเช้าฮาลาล,,,,Google My Maps Export,
HLR_BKK_478,ทัศนียา Burger HALAL,13.7498243,100.5406177,,Unverified,,,ทัศนียา Burger HALAL,,,,Google My Maps Export,
HLR_BKK_479,Red Istanbul Turkish Restaurant Halal food Bangkok (Kebab & Grill),13.7537971,100.5306873,,Unverified,,,Red Istanbul Turkish Restaurant Halal food Bangkok (Kebab & Grill),,,,Google My Maps Export,
HLR_BKK_480,Maedahrestaurant,13.753519,100.5397057,,Unverified,,,Maedahrestaurant,,,,Google My Maps Export,
HLR_BKK_481,AL-Waha Restaurant (Halal),13.772799,100.6382709,,Unverified,,,AL-Waha Restaurant (Halal),,,,Google My Maps Export,
HLR_BKK_482,Grillicious by Beirut _halal_ arabic restaurant,13.7379508,100.5604896,,Unverified,,,Grillicious by Beirut _halal_ arabic restaurant,,,,Google My Maps Export,
HLR_BKK_483,Champion Kebab & Turkish Ice Cream,13.7045125,100.5030195,,Unverified,,,Champion Kebab & Turkish Ice Cream,,,,Google My Maps Export,
HLR_BKK_484,Riverside Kebab (Halal),13.7447032,100.5016771,,Unverified,,,Riverside Kebab (Halal),,,,Google My Maps Export,
HLR_BKK_485,Ottoman Turkish Restaurant,13.7231696,100.5210617,,Unverified,,,Ottoman Turkish Restaurant,,,,Google My Maps Export,
HLR_BKK_486,Şaman Turkish Restaurant,13.7223386,100.5184399,,Unverified,,,Şaman Turkish Restaurant,,,,Google My Maps Export,
HLR_BKK_487,GIGI CHICKEN & KEBAB,13.7446505,100.5294532,,Unverified,,,GIGI CHICKEN & KEBAB,,,,Google My Maps Export,
HLR_BKK_488,Kebab Express Happy land,13.7684931,100.6426916,,Unverified,,,Kebab Express Happy land,,,,Google My Maps Export,
HLR_BKK_489,Ramazan Kabab,13.7988983,100.5508997,,Unverified,,,Ramazan Kabab,,,,Google My Maps Export,
HLR_BKK_490,Abu Ibrahim Halal Restaurant,13.7904974,100.5441548,,Unverified,,,Abu Ibrahim Halal Restaurant,,,,Google My Maps Export,
HLR_BKK_491,Rifai Kitchen @ Bangaor,13.8021681,100.5122469,,Unverified,,,Rifai Kitchen @ Bangaor,,,,Google My Maps Export,
HLR_BKK_492,Faruk Date Farm,13.8322584,100.7945616,,Unverified,,,Faruk Date Farm,,,,Google My Maps Export,
HLR_BKK_493,المطعم العراقي Iraqi Restaurant,13.7435868,100.5538533,,Unverified,,,المطعم العراقي Iraqi Restaurant,,,,Google My Maps Export,
HLR_BKK_494,Al-Yemen Al-Saeed Restaurant,13.7435235,100.5538708,,Unverified,,,Al-Yemen Al-Saeed Restaurant,,,,Google My Maps Export,
HLR_BKK_495,Ibrahim Restaurant,13.7435352,100.5536053,,Unverified,,,Ibrahim Restaurant,,,,Google My Maps Export,
HLR_BKK_496,شاورما الحاج محمود,13.743964,100.5531652,,Unverified,,,شاورما الحاج محمود,,,,Google My Maps Export,
HLR_BKK_497,Mahmoud Shawarma,13.742747,100.5535117,,Unverified,,,Mahmoud Shawarma,,,,Google My Maps Export,
HLR_BKK_498,FAT LAMB,13.7456716,100.6300443,,Unverified,,,FAT LAMB,,,,Google My Maps Export,
HLR_BKK_499,Pun le one,13.7450363,100.5304022,,Unverified,,,Pun le one,,,,Google My Maps Export,
HLR_BKK_500,Pun Le One,13.7339312,100.5285018,,Unverified,,,Pun Le One,,,,Google My Maps Export,
HLR_BKK_501,Arabesque,13.7379167,100.551709,,Unverified,,,Arabesque,,,,Google My Maps Export,
HLR_BKK_502,Dar Al-Yemen Restaurant Bangkok مطعم دار اليمن بانكوك,13.7052731,100.6457194,,Unverified,,,Dar Al-Yemen Restaurant Bangkok مطعم دار اليمن بانكوك,,,,Google My Maps Export,
HLR_BKK_503,Elbasha Turkish & Halal Lebanese Restaurant (Asok Branch),13.7324393,100.5610964,,Unverified,,,Elbasha Turkish & Halal Lebanese Restaurant (Asok Branch),,,,Google My Maps Export,
HLR_BKK_504,"KEBAB BOX (Halal, حلال)",13.7258974,100.5228335,,Unverified,,,"KEBAB BOX (Halal, حلال)",,,,Google My Maps Export,
HLR_BKK_505,Halal Raw Chicken & Meat Shops,0,0,,Unverified,,,Halal Raw Chicken & Meat Shops,,,,Google My Maps Export,
HLR_BKK_506,ร้านเนื้อฮาซันByบัยตุ้ลมาล ลาดพร้าว 119,13.7667395,100.6449453,,Unverified,,,ร้านเนื้อฮาซันByบัยตุ้ลมาล ลาดพร้าว 119,,,,Google My Maps Export,
HLR_BKK_507,LABAIK FRESH MART,13.7293321,100.5185118,,Unverified,,,LABAIK FRESH MART,,,,Google My Maps Export,
HLR_BKK_508,Ramkhamhaeng Halal Street Food,0,0,,Unverified,,,Ramkhamhaeng Halal Street Food,,,,Google My Maps Export,
HLR_BKK_509,Halal Street Food TungKru Plaza,0,0,,Unverified,,,Halal Street Food TungKru Plaza,,,,Google My Maps Export,
